Movie,Userscore,Reviewer
maudie,9,TVJerry
baby-driver,9,MrMovieBuff
your-name,9,Iky009
the-big-sick,10,kristen58
your-name,10,Futuredirector
war-for-the-planet-of-the-apes,10,MrMovieBuff
war-for-the-planet-of-the-apes,9,DavidTejada
baby-driver,10,TVJerry
spider-man-homecoming,10,MonkiReviews
colossal,9,Futuredirector
norman-the-moderate-rise-and-tragic-fall-of-a-new-york-fixer,9,Futuredirector
war-for-the-planet-of-the-apes,9,TheQuietGamer
baby-driver,9,CineAutoctono
get-out,9,TheQuietGamer
baby-driver,9,DavidTejada
baby-driver,10,Futuredirector
kong-skull-island,9,TVJerry
the-lego-batman-movie,9,TheQuietGamer
the-lego-batman-movie,9,MrMovieBuff
the-lego-batman-movie,9,MonkiReviews
the-red-turtle,9,Futuredirector
la-la-land,10,Daniel17
paterson,9,TVJerry
logan-2017,10,Iky009
john-wick-chapter-2,9,TheQuietGamer
patriots-day,10,TVJerry
logan-2017,9,MrMovieBuff
get-out,9,CineAutoctono
a-monster-calls,9,DavidTejada
la-la-land,10,SEROJ
passengers-2016,9,MonkiReviews
hacksaw-ridge,10,SEROJ
get-out,10,Futuredirector
jackie,10,Futuredirector
wonder-woman,9,MrMovieBuff
wonder-woman,9,DavidTejada
hacksaw-ridge,9,homer4president
doctor-strange,9,MonkiReviews
loving,9,TVJerry
hacksaw-ridge,9,DavidTejada
moonlight-2016,9,TVJerry
deepwater-horizon,9,TVJerry
alien-covenant,9,TheQuietGamer
the-birth-of-a-nation,9,TVJerry
wonder-woman,9,TheQuietGamer
moonlight-2016,9,Iky009
arrival,9,homer4president
logan-2017,9,TheQuietGamer
hell-or-high-water,10,MrMovieBuff
doctor-strange,9,TheQuietGamer
wonder-woman,9,MonkiReviews
kubo-and-the-two-strings,9,TheQuietGamer
hell-or-high-water,9,EpicLadySponge
sherpa,9,EpicLadySponge
sully,10,Futuredirector
hell-or-high-water,9,TheQuietGamer
sully,9,MonkiReviews
arrival,9,Futuredirector
arrival,10,MrMovieBuff
kubo-and-the-two-strings,9,CineAutoctono
kubo-and-the-two-strings,9,Iky009
paths-of-the-soul,9,EpicLadySponge
jason-bourne,9,MonkiReviews
the-shallows,9,Futuredirector
warcraft,9,TheQuietGamer
april-and-the-extraordinary-world,9,EpicLadySponge
the-conjuring-2,9,TheQuietGamer
sausage-party,9,TheQuietGamer
cemetery-of-splendor,9,EpicLadySponge
the-nice-guys,9,TheQuietGamer
green-room,9,TheQuietGamer
my-golden-days,9,EpicLadySponge
captain-america-civil-war,9,MrMovieBuff
the-lobster,9,nutterjr
risen,9,TheQuietGamer
zootopia,9,DavidTejada
joy,10,lukechristiansc
zootopia,9,TheQuietGamer
captain-america-civil-war,9,Futuredirector
phoenix,9,EpicLadySponge
krampus,9,lukechristiansc
dirty-grandpa,9,SimpsonFans
of-men-and-war,9,EpicLadySponge
brooklyn,9,EpicLadySponge
the-hunger-games-mockingjay---part-2,10,diegonelli
the-hunger-games-mockingjay---part-2,9,TheQuietGamer
star-wars-episode-vii---the-force-awakens,10,MrMovieBuff
carol,9,EpicLadySponge
spotlight,10,SEROJ
star-wars-episode-vii---the-force-awakens,10,DavidTejada
spotlight,9,EpicLadySponge
the-diary-of-a-teenage-girl,9,EpicLadySponge
bridge-of-spies,9,TVJerry
the-good-dinosaur,9,TheQuietGamer
captain-america-civil-war,10,homer4president
ghostbusters-2016,10,SimpsonFans
captain-america-civil-war,9,DavidTejada
bridge-of-spies,10,MrMovieBuff
pan,10,TheQuietGamer
the-visit-2015,9,TheQuietGamer
the-walk,9,TheQuietGamer
captain-america-civil-war,9,MonkiReviews
star-wars-episode-vii---the-force-awakens,10,EpicLadySponge
american-ultra,10,TheQuietGamer
vacation-2015,9,lukechristiansc
inside-out-2015,10,MrMovieBuff
inside-out-2015,10,diegonelli
inside-out-2015,10,EpicLadySponge
creep,9,TheQuietGamer
vacation-2015,9,TheQuietGamer
manglehorn,10,lukechristiansc
insidious-chapter-3,9,TheQuietGamer
sicario,9,MrMovieBuff
tomorrowland,9,lukechristiansc
the-overnight,10,TheQuietGamer
san-andreas,9,TVJerry
inside-out-2015,10,lukechristiansc
cinderella,9,TheQuietGamer
two-days-one-night,9,lasttimeisaw
two-days-one-night,9,EpicLadySponge
inside-out-2015,9,lasttimeisaw
71,9,nutterjr
inside-out-2015,9,Annoymous1
furious-7,9,TheQuietGamer
get-hard,9,TheQuietGamer
mad-max-fury-road,10,Futuredirector
ex-machina,9,Bikerjames
inside-out-2015,10,homer4president
focus-2015,9,lukechristiansc
leviathan-2014,9,EpicLadySponge
selma,9,TVJerry
winter-sleep,9,EpicLadySponge
it-follows,10,lukechristiansc
a-girl-walks-home-alone-at-night,9,TheQuietGamer
the-wedding-ringer,9,lukechristiansc
the-babadook,10,lukechristiansc
goodbye-to-language,10,mapizarro
mr-turner,9,EpicLadySponge
inside-out-2015,9,DavidTejada
ex-machina,9,nutterjr
paddington,10,Futuredirector
the-breakfast-club,10,cameronmorewood
unbroken,9,TheQuietGamer
song-of-the-sea,9,Iky009
penguins-of-madagascar,9,IMAX500
mad-max-fury-road,9,Jacob
song-of-the-sea,9,SEROJ
inside-out-2015,9,MonkiReviews
selma,9,EpicLadySponge
mad-max-fury-road,9,CineAutoctono
unbroken,10,lukechristiansc
into-the-woods,9,TVJerry
whiplash,9,grandpajoe6191
foxcatcher,9,nutterjr
mad-max-fury-road,9,TVJerry
the-theory-of-everything,9,TVJerry
big-hero-6,10,IMAX500
big-hero-6,9,TheQuietGamer
21-years-richard-linklater,9,lukechristiansc
the-hunger-games-mockingjay---part-1,9,TheQuietGamer
honeymoon,9,TheQuietGamer
whiplash,9,lasttimeisaw
the-theory-of-everything,9,Futuredirector
the-hobbit-the-battle-of-the-five-armies,9,lukechristiansc
big-hero-6,10,lukechristiansc
get-on-up,10,lukechristiansc
horns,9,TheQuietGamer
gone-girl,9,TheQuietGamer
the-interview,9,TheQuietGamer
big-hero-6,9,Daniel17
the-hunger-games-mockingjay---part-1,10,lukechristiansc
big-hero-6,9,EpicLadySponge
big-hero-6,9,Futuredirector
how-to-train-your-dragon-2,9,DavidTejada
the-wind-rises,10,Iky009
big-hero-6,10,MonkiReviews
the-wind-rises,9,mapizarro
mad-max-fury-road,10,Bikerjames
jersey-boys,10,lukechristiansc
whiplash,10,Futuredirector
the-wind-rises,9,grandpajoe6191
how-to-train-your-dragon-2,10,IMAX500
how-to-train-your-dragon-2,10,Bikerjames
dawn-of-the-planet-of-the-apes,10,lukechristiansc
how-to-train-your-dragon-2,9,Forrestgump1
dawn-of-the-planet-of-the-apes,9,TheQuietGamer
gone-girl,10,lukechristiansc
dawn-of-the-planet-of-the-apes,10,MrMovieBuff
neighbors,9,TheQuietGamer
the-fault-in-our-stars,9,Forrestgump1
the-fault-in-our-stars,10,lukechristiansc
ida,9,EpicLadySponge
a-million-ways-to-die-in-the-west,9,lukechristiansc
filth,9,TheQuietGamer
blue-ruin,10,TVJerry
the-face-of-love,10,lukechristiansc
under-the-skin,9,Bikerjames
heaven-is-for-real,10,lukechristiansc
rio-2,9,lukechristiansc
oculus,10,lukechristiansc
the-missing-picture,9,EpicLadySponge
non-stop-2014,10,lukechristiansc
x-men-days-of-future-past,9,TheQuietGamer
the-lego-movie,9,MonkiReviews
x-men-days-of-future-past,10,MrMovieBuff
mad-max-fury-road,9,nutterjr
about-last-night,9,lukechristiansc
jack-ryan-shadow-recruit,9,lukechristiansc
the-lego-movie,10,Annoymous1
pompeii,9,TheQuietGamer
mad-max-fury-road,10,Iky009
the-grand-budapest-hotel,10,Forrestgump1
300-rise-of-an-empire,9,lukechristiansc
lone-survivor,9,TheQuietGamer
noah,9,TheQuietGamer
philomena,9,lukechristiansc
philomena,9,Bikerjames
the-monuments-men,10,lukechristiansc
x-men-days-of-future-past,9,Forrestgump1
philomena,9,lasttimeisaw
godzilla-2014,10,TheQuietGamer
august-osage-county,9,Bikerjames
the-broken-circle-breakdown,10,nutterjr
the-great-beauty,9,nicholasbert
x-men-days-of-future-past,9,homer4president
august-osage-county,10,lukechristiansc
the-grand-budapest-hotel,9,Jacob
the-grand-budapest-hotel,9,Bikerjames
the-lego-movie,9,homer4president
the-wolf-of-wall-street,9,grandpajoe6191
the-lego-movie,9,Futuredirector
frozen-2013,9,thetvreviewman
saving-mr-banks,9,TheQuietGamer
american-hustle,9,TVJerry
frozen-2013,10,MrMovieBuff
frozen-2013,9,bethanyrobben
inside-llewyn-davis,9,Bikerjames
the-lego-movie,10,TheQuietGamer
the-lego-movie,10,IMAX500
frozen-2013,10,Parade
the-secret-life-of-walter-mitty,10,lukechristiansc
all-is-lost,9,nutterjr
saving-mr-banks,9,MrMovieBuff
godzilla-2014,9,Forrestgump1
frozen-2013,10,DrNegative
the-wolf-of-wall-street,10,TVJerry
all-is-lost,9,Bikerjames
the-lego-movie,9,kristen58
frozen-2013,9,mapizarro
escape-plan,9,TheQuietGamer
the-secret-life-of-walter-mitty,9,MonkiReviews
jackass-presents-bad-grandpa,9,TVJerry
anchorman-2-the-legend-continues,10,lukechristiansc
godzilla-2014,10,lukechristiansc
anchorman-2-the-legend-continues,9,TheQuietGamer
frozen-2013,10,reneewallace
riddick,9,TheQuietGamer
inside-llewyn-davis,9,EpicLadySponge
20-feet-from-stardom,9,Bikerjames
dallas-buyers-club,10,lukechristiansc
the-spectacular-now,9,nutterjr
enough-said,10,lukechristiansc
the-hobbit-the-desolation-of-smaug,9,TheQuietGamer
the-spectacular-now,10,lukechristiansc
lee-daniels-the-butler,10,lukechristiansc
the-hunt,9,nutterjr
fast-furious-6,9,TheQuietGamer
fast-furious-6,9,Zilcell
the-hunt,9,TVJerry
the-hunt,9,Iky009
wolf-children,9,Iky009
the-lego-movie,9,CineAutoctono
wolf-children,9,SEROJ
american-hustle,10,lukechristiansc
prisoners,9,nutterjr
red-2,10,lukechristiansc
frances-ha,9,Shiira
girl-most-likely,10,lukechristiansc
prisoners,9,TheQuietGamer
despicable-me-2,9,Rox22
turbo,9,TheQuietGamer
barbara,10,Bikerjames
parkland,10,lukechristiansc
a-hijacking,9,nutterjr
kevin-hart-let-me-explain,9,TheQuietGamer
despicable-me-2,9,MonkiReviews
frozen-2013,10,lukechristiansc
the-wolf-of-wall-street,9,lukechristiansc
fast-furious-6,10,lukechristiansc
the-croods,9,Bikerjames
the-croods,9,TheQuietGamer
the-croods,9,Zilcell
frozen-2013,10,BasilZero
after-earth,9,TheQuietGamer
from-up-on-poppy-hill,10,mapizarro
war-witch,9,nutterjr
frozen-2013,9,Daniel17
blancanieves,9,mapizarro
from-up-on-poppy-hill,9,jeff_reviews
frozen-2013,9,MonkiReviews
the-wolverine,9,TheQuietGamer
man-of-steel,9,Rox22
now-you-see-me,9,Forrestgump1
the-reluctant-fundamentalist,9,TVJerry
amour,10,nutterjr
now-you-see-me,9,TVJerry
world-war-z,10,Parade
now-you-see-me,9,TheQuietGamer
the-purge,10,lukechristiansc
the-place-beyond-the-pines,9,nutterjr
amour,9,EpicLadySponge
the-place-beyond-the-pines,9,worleyjamers
the-gatekeepers,9,EpicLadySponge
olympus-has-fallen,9,Forrestgump1
the-call,9,TVJerry
olympus-has-fallen,10,Zilcell
spring-breakers,9,Shiira
the-call,9,TheQuietGamer
the-wolverine,9,MrMovieBuff
hansel-and-gretel-witch-hunters,9,TheQuietGamer
spring-breakers,10,cameronmorewood
the-last-exorcism-part-ii,10,lukechristiansc
42,9,Forrestgump1
the-call,10,lukechristiansc
cloud-atlas,10,cameronmorewood
42,10,lukechristiansc
side-effects-2013,9,worleyjamers
movie-43,9,TheQuietGamer
side-effects-2013,9,Forrestgump1
texas-chainsaw-3d,9,TheQuietGamer
django-unchained,10,Forrestgump1
the-impossible,9,jordi
the-impossible,9,Bikerjames
jack-reacher,10,Zilcell
django-unchained,10,TVJerry
world-war-z,9,TheQuietGamer
jack-reacher,9,Forrestgump1
the-great-gatsby,10,lukechristiansc
a-haunted-house,9,lukechristiansc
django-unchained,9,Bikerjames
silver-linings-playbook,9,Shiira
lincoln,9,TVJerry
waiting-for-lightning,10,SimpsonFans
argo,10,Forrestgump1
les-miserables,9,heyitsmegrif4
les-miserables,10,TVJerry
lincoln,10,cameronmorewood
silver-linings-playbook,10,Bikerjames
the-twilight-saga-breaking-dawn---part-2,9,jordi
side-by-side,9,cameronmorewood
silver-linings-playbook,9,heyitsmegrif4
argo,10,smijatov
celeste-and-jesse-forever,9,lukechristiansc
argo,9,nutterjr
silver-linings-playbook,9,cameronmorewood
this-is-40,9,lukechristiansc
flight,10,cameronmorewood
silver-linings-playbook,9,Forrestgump1
world-war-z,10,lukechristiansc
seven-psychopaths,9,cameronmorewood
hotel-transylvania,9,lukechristiansc
argo,9,cameronmorewood
the-master,10,cameronmorewood
django-unchained,9,grandpajoe6191
silver-linings-playbook,10,worleyjamers
django-unchained,10,Zilcell
les-miserables,9,Forrestgump1
brave,10,heyitsmegrif4
lincoln,9,worleyjamers
arthur-christmas,9,TheQuietGamer
arthur-christmas,9,Halfwelshman
les-miserables,10,InspectorJ
flight,9,lukechristiansc
paranorman,9,heyitsmegrif4
les-miserables,9,jordi
men-in-black-iii,9,Zilcell
lawless,9,TheQuietGamer
the-master,9,nutterjr
argo,9,jordi
brave,9,TheQuietGamer
the-master,10,j30
django-unchained,9,Iky009
the-master,9,lasttimeisaw
silver-linings-playbook,10,lukechristiansc
lincoln,10,MrMovieBuff
men-in-black-iii,10,TVJerry
django-unchained,9,worleyjamers
safe,9,TheQuietGamer
sound-of-my-voice,9,Shiira
the-cabin-in-the-woods,10,cameronmorewood
the-avengers-2012,9,TheQuietGamer
the-expendables-2,9,TheQuietGamer
argo,9,CineAutoctono
argo,9,EpicLadySponge
dr-seuss-the-lorax,9,heyitsmegrif4
the-avengers-2012,9,worleyjamers
the-avengers-2012,10,jeff_reviews
the-cabin-in-the-woods,10,TitaniumDragon
bernie,9,Bikerjames
the-expendables-2,10,lukechristiansc
a-separation,10,TVJerry
the-artist,9,grandpajoe6191
bernie,9,TheQuietGamer
a-separation,10,cameronmorewood
the-artist,10,heyitsmegrif4
the-artist,10,CitizenCharlie
jeff-who-lives-at-home,9,Shiira
a-separation,9,lasttimeisaw
the-three-stooges,9,Zilcell
the-avengers-2012,10,heyitsmegrif4
dr-seuss-the-lorax,10,MrsBBaggins
a-separation,10,worleyjamers
the-artist,9,TVJerry
american-reunion,9,lukechristiansc
the-amazing-spider-man,9,Zilcell
the-artist,9,JonnyFendi
a-separation,9,EpicLadySponge
the-artist,10,j30
21-jump-street,10,TheQuietGamer
django-unchained,9,EpicLadySponge
21-jump-street,10,Zilcell
21-jump-street,9,heyitsmegrif4
project-x,9,TheQuietGamer
joyful-noise,9,lukechristiansc
the-artist,9,aaronpaul121
the-artist,9,Halfwelshman
project-x,10,lukechristiansc
the-avengers-2012,10,billruller
the-avengers-2012,10,Tranquilbez22
the-muppets,10,kristen58
the-muppets,10,Tranquilbez22
the-descendants,9,heyitsmegrif4
the-muppets,10,gm101
the-muppets,9,Rumblebeelove
the-adventures-of-tintin,10,lukechristiansc
the-grey,9,TheQuietGamer
the-sitter,9,TheQuietGamer
the-artist,9,Iky009
we-bought-a-zoo,9,heyitsmegrif4
the-girl-with-the-dragon-tattoo-2011,9,worleyjamers
the-girl-with-the-dragon-tattoo-2011,9,TheQuietGamer
the-artist,10,worleyjamers
the-descendants,10,Shiira
the-adventures-of-tintin,9,heyitsmegrif4
the-grey,10,Zilcell
the-cabin-in-the-woods,9,Rox22
the-descendants,10,cameronmorewood
the-muppets,10,Futuredirector
the-muppets,10,heyitsmegrif4
the-descendants,9,Halfwelshman
tinker-tailor-soldier-spy,10,Halfwelshman
the-hunger-games,10,heyitsmegrif4
shame,9,lasttimeisaw
war-horse,9,movie2187
21-jump-street,9,lukechristiansc
shame,10,cameronmorewood
mission-impossible---ghost-protocol,9,TVJerry
the-skin-i-live-in,9,Shiira
j-edgar,9,TVJerry
puss-in-boots,10,PurpleUrp
like-crazy,9,nutterjr
footloose,9,cameronmorewood
the-hunger-games,9,kristen58
the-muppets,9,lukechristiansc
the-muppets,9,DavidTejada
puss-in-boots,10,gm101
the-amazing-spider-man,9,TheQuietGamer
higher-ground,10,Shiira
the-guard,9,Halfwelshman
moneyball,9,heyitsmegrif4
the-adventures-of-tintin,9,Rox22
the-amazing-spider-man,10,vini1904
the-descendants,9,worleyjamers
jack-and-jill,9,TheQuietGamer
moneyball,9,j30
senna,10,spielbrick90
the-adventures-of-tintin,10,DavidTejada
the-hunger-games,9,TheQuietGamer
hugo,10,heyitsmegrif4
the-ides-of-march,9,CitizenCharlie
moneyball,10,movie2187
midnight-in-paris,9,heyitsmegrif4
hugo,9,TVJerry
mission-impossible---ghost-protocol,9,Halfwelshman
kung-fu-panda-2,10,Zilcell
midnight-in-paris,9,Shiira
kung-fu-panda-2,9,MovieLonely94
kung-fu-panda-2,9,heyitsmegrif4
mission-impossible---ghost-protocol,9,Zilcell
midnight-in-paris,10,CitizenCharlie
mission-impossible---ghost-protocol,9,movie2187
blue-valentine,9,Shiira
maos-last-dancer,9,TVJerry
the-hunger-games,10,lasttimeisaw
cowboys-aliens,9,TheQuietGamer
kung-fu-panda-2,9,Broken_Shirt
midnight-in-paris,9,Potter17
the-amazing-spider-man,9,jeff_reviews
the-hangover-part-ii,10,InfamousPrince
gnomeo-and-juliet,10,MovieCritic
gnomeo-and-juliet,9,gm101
warrior,9,worleyjamers
warrior,10,Parade
the-green-hornet,9,TVJerry
127-hours,9,brewcrewpride
127-hours,9,grandpajoe6191
jackass-3-d,9,TVJerry
tangled,10,BlueDevilHawk1
the-green-hornet,10,Bullet97
faster-2010,10,Bullet97
tangled,10,Skytreader
127-hours,9,Shiira
the-green-hornet,10,gm101
tangled,10,spirona
tangled,9,JonnyFendi
tangled,10,kristen58
the-green-hornet,10,JonnyTheGreat
tangled,9,JasonGoalie
tangled,9,Supermom4
127-hours,9,TVJerry
blue-valentine,9,grandpajoe6191
tangled,10,DrNegative
morning-glory,9,Shiira
tangled,9,Palino007
kung-fu-panda-2,9,DavidTejada
tangled,9,heyitsmegrif4
tangled,10,Whalnar
tangled,9,Halfwelshman
tangled,9,Tranquilbez22
tangled,10,jordi
blue-valentine,10,cameronmorewood
tangled,10,movielover64
blue-valentine,9,worleyjamers
tangled,10,Simpkj1
morning-glory,10,InfamousPrince
tangled,10,Eilrahc
tangled,10,Kidknowitall
tangled,9,Kalukalay
127-hours,9,Potter17
midnight-in-paris,10,lukechristiansc
tangled,9,Rumblebeelove
127-hours,10,Zilcell
tangled,10,AndrewUltimate
mission-impossible---ghost-protocol,9,MonkiReviews
tangled,9,dinozgorawrr
inside-job,9,j30
tangled,10,Malasawas
tangled,10,Bullet97
tangled,9,Forrestgump1
tangled,10,InfamousPrince
my-soul-to-take,10,Forrestgump1
tangled,10,zamarren
tangled,10,movie2187
tangled,10,Gari
tangled,9,billruller
the-green-hornet,9,Rumblebeelove
moneyball,9,CineAutoctono
tangled,10,gamer1
waiting-for-superman,9,TVJerry
tangled,10,Zahara
my-soul-to-take,9,vini1904
tangled,10,MoeYaz
moneyball,9,EpicLadySponge
tangled,10,Annoymous1
tangled,9,Rox22
paranormal-activity-2,9,Forrestgump1
tangled,10,vini1904
waiting-for-superman,9,j30
tangled,10,reneewallace
tangled,9,Jwv
tangled,10,Parade
tangled,10,Bethzaira
tangled,9,goopyGoop
tangled,10,MovieLonely94
unstoppable,9,TVJerry
tangled,10,Ruler101
127-hours,10,Forrestgump1
unstoppable,9,AndrewUltimate
tangled,9,Bikerjames
tangled,9,TheQuietGamer
the-concert,9,Halfwelshman
tangled,10,NaughtyDog
piranha-3-d,9,Shiira
127-hours,9,PurpleUrp
piranha-3-d,10,Bullet97
tangled,10,SimpsonFans
nanny-mcphee-returns,9,heyitsmegrif4
machete,10,TVJerry
tangled,9,Anim8or
tangled,9,Shiira
shrek-forever-after,9,gm101
the-green-hornet,10,Zilcell
nanny-mcphee-returns,9,TheQuietGamer
despicable-me,9,heyitsmegrif4
the-social-network,10,heyitsmegrif4
tangled,10,NickXoN
cyrus,9,j30
tangled,10,speno93
skyline,10,rayray
the-american,9,Shiira
127-hours,9,j30
tangled,10,AKJBourne
machete,10,Bullet97
127-hours,9,J-Shap
tangled,10,trish30
unstoppable,9,jordi
tangled,9,lionalio
tangled,9,DrMovie
tangled,10,zogondragon
tangled,9,BamaFalstaff
tangled,9,emjohnson54
tangled,10,GleekManiac
the-twilight-saga-eclipse,9,MovieLonely94
tangled,9,lordjrs
machete,9,Rumblebeelove
tangled,9,worleyjamers
meet-the-parents,10,Zilcell
the-social-network,10,j30
tangled,9,GodotIsW8ing4U
tangled,10,TangledFan
the-social-network,10,Bullet97
tangled,10,IMAX500
tangled,9,thetvreviewman
tangled,9,ssyeon5643
despicable-me,9,TheQuietGamer
tangled,10,MrMovieBuff
the-sorcerers-apprentice,10,Bullet97
tangled,9,DavidTejada
tangled,9,Daniel17
vampires-suck,10,Bullet97
eat-pray-love,9,lukechristiansc
the-sorcerers-apprentice,9,gm101
the-social-network,10,AndrewUltimate
toy-story-3,9,grandpajoe6191
how-to-train-your-dragon,10,gm101
how-to-train-your-dragon,10,MovieLonely94
how-to-train-your-dragon,10,TheQuietGamer
despicable-me,10,jordi
how-to-train-your-dragon,10,Halfwelshman
how-to-train-your-dragon,10,Zilcell
the-other-guys,10,Bullet97
going-the-distance,9,Forrestgump1
the-other-guys,9,TheQuietGamer
toy-story-3,10,MovieLonely94
how-to-train-your-dragon,9,KendylKlownfish
the-town,9,Forrestgump1
how-to-train-your-dragon,9,Potter17
toy-story-3,10,heyitsmegrif4
how-to-train-your-dragon,9,worleyjamers
resident-evil-afterlife,9,TheQuietGamer
toy-story-3,10,mapizarro
the-other-guys,10,Zilcell
death-at-a-funeral,9,Bullet97
toy-story-3,10,homer4president
cop-out,10,gm101
toy-story-3,10,EpicLadySponge
toy-story-3,10,DavidTejada
despicable-me,9,Futuredirector
the-twilight-saga-eclipse,9,jordi
inception,10,smijatov
clash-of-the-titans,10,Bullet97
how-to-train-your-dragon,10,Bikerjames
toy-story-3,10,smijatov
macgruber,9,Forrestgump1
toy-story-3,10,gm101
resident-evil-afterlife,10,lukechristiansc
toy-story-3,10,j30
the-crazies,9,Bullet97
the-girl-with-the-dragon-tattoo,10,Halfwelshman
inception,9,MovieLonely94
winters-bone,9,EpicLadySponge
mother,10,jessetaylor25
the-girl-with-the-dragon-tattoo,9,Pier
toy-story-3,10,Bikerjames
date-night,9,TheQuietGamer
mother,9,Halfwelshman
how-to-train-your-dragon,9,Forrestgump1
the-town,9,worleyjamers
how-to-train-your-dragon,10,Palino007
how-to-train-your-dragon,10,speno93
toy-story-3,9,cameronmorewood
the-girl-with-the-dragon-tattoo,9,j30
the-social-network,10,smijatov
the-social-network,10,Shiira
the-social-network,10,TVJerry
alice-in-wonderland,9,gm101
alice-in-wonderland,9,smijatov
alice-in-wonderland,9,heyitsmegrif4
the-social-network,10,JasonGoalie
how-to-train-your-dragon,9,jeff_reviews
the-social-network,10,iluvmovies
alice-in-wonderland,10,MovieLonely94
how-to-train-your-dragon,9,EpicLadySponge
how-to-train-your-dragon,9,DavidTejada
how-to-train-your-dragon,10,Futuredirector
hot-tub-time-machine,9,TheQuietGamer
brothers,9,jordi
fantastic-mr-fox,10,Bikerjames
inception,10,j30
the-social-network,9,Forrestgump1
inception,9,PYRiAH
fantastic-mr-fox,9,heyitsmegrif4
the-princess-and-the-frog,10,gm101
the-social-network,9,brewcrewpride
invictus,10,lukechristiansc
up-in-the-air,10,cameronmorewood
the-princess-and-the-frog,10,MovieLonely94
toy-story-3,9,Jacob
the-princess-and-the-frog,10,lukechristiansc
alice-in-wonderland,10,Zilcell
precious-based-on-the-novel-push-by-sapphire,9,vini1904
fantastic-mr-fox,9,spielbrick90
precious-based-on-the-novel-push-by-sapphire,10,lukechristiansc
the-blind-side,9,Iky009
toy-story-3,10,Forrestgump1
zombieland,10,Bullet97
a-serious-man,9,j30
zombieland,10,Rumblebeelove
zombieland,9,TheQuietGamer
alice-in-wonderland,10,lukechristiansc
toy-story-3,10,PYRiAH
zombieland,9,vini1904
toy-story-3,10,Kalukalay
toy-story-3,10,TheQuietGamer
moon,10,j30
zombieland,10,heyitsmegrif4
fantastic-mr-fox,9,EpicLadySponge
toy-story-3,9,KendylKlownfish
toy-story-3,10,aaronpaul121
saw-vi,9,TheQuietGamer
toy-story-3,9,Potter17
the-final-destination,9,TheQuietGamer
toy-story-3,10,Zilcell
saw-vi,9,Annoymous1
moon,10,cameronmorewood
toy-story-3,10,BasilZero
food-inc,9,smijatov
toy-story-3,10,Iky009
cloudy-with-a-chance-of-meatballs,10,Zilcell
i-love-you-beth-cooper,9,cameronmorewood
toy-story-3,10,worleyjamers
this-is-it,10,SEROJ
cloudy-with-a-chance-of-meatballs,10,lukechristiansc
food-inc,9,Jwv
up,10,smijatov
toy-story-3,10,jeff_reviews
up,9,aaronpaul121
shutter-island,10,cameronmorewood
up,10,homer4president
up,10,EpicLadySponge
up,9,grandpajoe6191
shutter-island,10,SEROJ
up,10,cameronmorewood
ice-age-dawn-of-the-dinosaurs,9,SEROJ
toy-story-3,9,CineAutoctono
toy-story-3,9,diegonelli
up,10,gm101
i-love-you-man,9,Tranquilbez22
the-proposal,10,gm101
toy-story-3,10,MonkiReviews
inception,9,cameronmorewood
adventureland,10,Bullet97
the-class,9,EpicLadySponge
17-again,10,DavidTejada
i-love-you-man,9,TheQuietGamer
i-love-you-man,10,cameronmorewood
the-hurt-locker,9,Halfwelshman
hotel-for-dogs,10,SimpsonFans
the-hurt-locker,9,EpicLadySponge
taken,9,billruller
taken,9,TheQuietGamer
role-models,9,TheQuietGamer
changeling,10,lukechristiansc
the-chronicles-of-narnia-prince-caspian,9,gm101
man-on-wire,9,EpicLadySponge
the-chronicles-of-narnia-prince-caspian,10,MovieLonely94
the-dark-knight,9,Rox22
milk,10,cameronmorewood
milk,9,worleyjamers
kung-fu-panda,9,MovieLonely94
kung-fu-panda,10,Zilcell
man-on-wire,10,spielbrick90
wall-e,10,gm101
star-wars-the-clone-wars,10,gm101
man-on-wire,9,Jwv
wall-e,9,Potter17
wall-e,9,SEROJ
space-chimps,10,SimpsonFans
wall-e,9,PurpleUrp
wall-e,9,EpicLadySponge
wall-e,10,heyitsmegrif4
the-fall,9,worleyjamers
the-dark-knight,10,gm101
wall-e,9,grandpajoe6191
the-dark-knight,10,Zilcell
the-dark-knight,9,Potter17
the-dark-knight,9,heyitsmegrif4
the-love-guru,9,TheQuietGamer
step-up-2-the-streets,9,MovieLonely94
kung-fu-panda,9,Futuredirector
hellboy-ii-the-golden-army,9,Halfwelshman
nims-island,10,lukechristiansc
the-dark-knight,10,MovieLonely94
persepolis,9,EpicLadySponge
control,9,cameronmorewood
before-the-devil-knows-youre-dead,9,cameronmorewood
the-water-horse,9,Futuredirector
juno,10,cameronmorewood
sweeney-todd-the-demon-barber-of-fleet-street,9,heyitsmegrif4
enchanted,9,MovieLonely94
enchanted,9,MrMovieBuff
speed-racer,9,MovieLonely94
the-simpsons-movie,9,MovieLonely94
sunshine,9,grandpajoe6191
harry-potter-and-the-order-of-the-phoenix,10,gm101
harry-potter-and-the-order-of-the-phoenix,9,heyitsmegrif4
there-will-be-blood,10,cameronmorewood
there-will-be-blood,10,worleyjamers
ratatouille,10,Zilcell
ratatouille,10,heyitsmegrif4
ratatouille,10,gm101
ratatouille,10,aaronpaul121
la-vie-en-rose,9,Halfwelshman
spider-man-3,10,gm101
atonement,10,worleyjamers
meet-the-robinsons,9,MovieLonely94
stardust,9,heyitsmegrif4
ratatouille,9,Annoymous1
transformers,9,MovieLonely94
eastern-promises,9,j30
aqua-teen-hunger-force-colon-movie-film-for-theaters,9,SimpsonFans
the-ultimate-gift,9,TheQuietGamer
transformers,10,gm101
live-free-or-die-hard,9,lukechristiansc
tmnt,10,Bullet97
pathfinder,9,TheQuietGamer
blades-of-glory,10,Zilcell
the-lives-of-others,10,worleyjamers
the-host,10,Halfwelshman
28-weeks-later,9,TheQuietGamer
grindhouse,10,lukechristiansc
the-bourne-ultimatum,9,MonkiReviews
the-war-tapes,10,Jwv
the-simpsons-movie,10,SimpsonFans
the-simpsons-movie,9,MonkiReviews
harry-potter-and-the-order-of-the-phoenix,10,Futuredirector
300,9,heybuddymovies
pans-labyrinth,9,grandpajoe6191
hot-fuzz,9,TheQuietGamer
happily-never-after,9,Bullet97
pans-labyrinth,10,Potter17
bridge-to-terabithia,10,InspectorJ
ratatouille,10,TitaniumDragon
ratatouille,9,Potter17
300,10,lukechristiansc
ratatouille,10,Iky009
hot-fuzz,9,MrMovieBuff
ratatouille,10,jeff_reviews
letters-from-iwo-jima,10,homer4president
ratatouille,10,MrMovieBuff
casino-royale,10,IMAX500
pans-labyrinth,10,thetvreviewman
everyones-hero,10,SimpsonFans
pans-labyrinth,10,J-Shap
night-at-the-museum,10,gm101
night-at-the-museum,9,MovieLonely94
night-at-the-museum,9,TheQuietGamer
pans-labyrinth,10,cameronmorewood
ratatouille,9,CineAutoctono
pans-labyrinth,10,heyitsmegrif4
ratatouille,9,EpicLadySponge
babel,10,worleyjamers
flushed-away,9,TheQuietGamer
ratatouille,10,Futuredirector
half-nelson,9,j30
there-will-be-blood,9,Iky009
blood-diamond,10,SEROJ
barnyard,10,SEROJ
barnyard,9,SimpsonFans
there-will-be-blood,9,EpicLadySponge
rocky-balboa,10,Futuredirector
the-prestige,9,grandpajoe6191
transformers,10,Bullet97
transformers,9,Rumblebeelove
the-prestige,9,SEROJ
transformers,9,Zilcell
pans-labyrinth,10,TheQuietGamer
pans-labyrinth,9,aaronpaul121
pans-labyrinth,9,EpicLadySponge
over-the-hedge,10,MovieLonely94
over-the-hedge,9,heyitsmegrif4
click,10,cameronmorewood
over-the-hedge,10,SimpsonFans
click,9,TheQuietGamer
ice-age-the-meltdown,10,SEROJ
talladega-nights-the-ballad-of-ricky-bobby,9,TheQuietGamer
ice-age-the-meltdown,9,SimpsonFans
the-spirit-of-the-beehive,9,lasttimeisaw
the-spirit-of-the-beehive,9,EpicLadySponge
district-b13,9,TheQuietGamer
grease,10,MovieLonely94
kiss-kiss-bang-bang,9,cameronmorewood
the-pink-panther,9,TheQuietGamer
cheaper-by-the-dozen-2,9,TheQuietGamer
the-benchwarmers,9,TheQuietGamer
final-destination-3,9,vini1904
doogal,10,MovieLonely94
hoodwinked!,10,MovieLonely94
the-chronicles-of-narnia-the-lion-the-witch-and-the-wardrobe,10,gm101
united-93,9,homer4president
united-93,9,CineAutoctono
united-93,9,EpicLadySponge
the-chronicles-of-narnia-the-lion-the-witch-and-the-wardrobe,10,MovieLonely94
hoodwinked!,10,SimpsonFans
grandmas-boy,9,TheQuietGamer
brokeback-mountain,10,vini1904
harry-potter-and-the-goblet-of-fire,9,gm101
chicken-little,10,SimpsonFans
harry-potter-and-the-goblet-of-fire,9,heyitsmegrif4
howls-moving-castle,10,SEROJ
howls-moving-castle,10,heyitsmegrif4
howls-moving-castle,9,grandpajoe6191
harry-potter-and-the-goblet-of-fire,10,TheQuietGamer
howls-moving-castle,9,Iky009
werckmeister-harmonies,9,EpicLadySponge
howls-moving-castle,10,MovieLonely94
capote,9,worleyjamers
howls-moving-castle,9,mapizarro
corpse-bride,10,Halfwelshman
howls-moving-castle,9,jeff_reviews
elizabethtown,9,lukechristiansc
flightplan,9,lukechristiansc
the-polar-express,10,lukechristiansc
the-polar-express,10,Zilcell
grizzly-man,9,Jwv
the-polar-express,9,MovieLonely94
wallace-gromit-the-curse-of-the-were-rabbit,9,jeff_reviews
wallace-gromit-the-curse-of-the-were-rabbit,9,EpicLadySponge
corpse-bride,10,lukechristiansc
batman-begins,10,Zilcell
mysterious-skin,10,j30
batman-begins,10,MrMovieBuff
batman-forever,9,MovieLonely94
batman-forever,9,TheQuietGamer
batman-begins,9,TheQuietGamer
ben-hur-1959,9,EpicLadySponge
ben-hur-1959,10,Futuredirector
masculine-feminine-re-release,9,EpicLadySponge
kicking-screaming,10,Zilcell
star-wars-episode-iii---revenge-of-the-sith,10,Zilcell
star-wars-episode-iii---revenge-of-the-sith,10,MovieLonely94
the-longest-yard,9,TheQuietGamer
star-wars-episode-iii---revenge-of-the-sith,9,TheQuietGamer
batman-begins,9,gm101
batman-begins,9,cameronmorewood
toy-story,10,grandpajoe6191
batman-begins,9,MovieLonely94
toy-story,10,heyitsmegrif4
toy-story,10,EpicLadySponge
nobody-knows,9,EpicLadySponge
oldboy,9,grandpajoe6191
toy-story,10,Daniel17
the-nutty-professor,9,SimpsonFans
toy-story,10,MonkiReviews
toy-story,10,gm101
memories-of-murder,10,Halfwelshman
toy-story,10,MovieLonely94
ghostbusters-ii,10,gm101
sin-city,9,TheQuietGamer
million-dollar-baby,9,cameronmorewood
oldboy,9,j30
charlie-and-the-chocolate-factory,9,MovieLonely94
toy-story,10,KendylKlownfish
toy-story,10,aaronpaul121
the-pacifier,9,TheQuietGamer
toy-story,10,Zilcell
serenity,9,Halfwelshman
harry-potter-and-the-goblet-of-fire,9,Rox22
toy-story,10,jeff_reviews
seed-of-chucky,9,MovieLonely94
harry-potter-and-the-goblet-of-fire,9,SEROJ
hoop-dreams,9,EpicLadySponge
star-wars-episode-iii---revenge-of-the-sith,10,gm101
million-dollar-baby,10,worleyjamers
the-chorus,9,mapizarro
toy-story,9,homer4president
harry-potter-and-the-goblet-of-fire,10,MrMovieBuff
toy-story,10,MrMovieBuff
harry-potter-and-the-goblet-of-fire,9,EpicLadySponge
toy-story,9,CineAutoctono
pocahontas,9,MovieLonely94
birth,9,jessetaylor25
charlie-and-the-chocolate-factory,10,Zilcell
toy-story,10,Futuredirector
red-eye,10,lukechristiansc
house-of-flying-daggers,9,EpicLadySponge
lemony-snickets-a-series-of-unfortunate-events,9,MovieLonely94
batman-begins,9,Halfwelshman
charlie-and-the-chocolate-factory,10,lukechristiansc
sideways,9,J-Shap
batman-begins,9,heybuddymovies
life-is-sweet,9,EpicLadySponge
star-wars-episode-iii---revenge-of-the-sith,9,homer4president
closer,9,heyitsmegrif4
charlie-and-the-chocolate-factory,10,Futuredirector
the-godfather-part-ii,9,EpicLadySponge
apollo-13,10,lukechristiansc
apollo-13,9,EpicLadySponge
apollo-13,10,Futuredirector
the-incredibles,10,gm101
night-of-the-living-dead,9,TheQuietGamer
sideways,10,cameronmorewood
sideways,10,worleyjamers
star-wars-episode-iii---revenge-of-the-sith,9,Futuredirector
the-spongebob-squarepants-movie,10,Bullet97
the-incredibles,10,TitaniumDragon
star-trek-first-contact,10,spielbrick90
the-incredibles,9,grandpajoe6191
the-incredibles,9,heyitsmegrif4
the-incredibles,10,MovieLonely94
the-spongebob-squarepants-movie,10,SimpsonFans
the-incredibles,10,jeff_reviews
the-incredibles,9,aaronpaul121
the-spongebob-squarepants-movie,9,Zilcell
walk-the-line,9,worleyjamers
a-history-of-violence,10,cameronmorewood
raging-bull,10,cameronmorewood
saw,10,lukechristiansc
the-spongebob-squarepants-movie,9,lukechristiansc
the-incredibles,9,Rox22
ransom,10,SimpsonFans
batman-begins,10,Daniel17
the-incredibles,9,RayzorMoose
the-incredibles,10,lukechristiansc
october-sky,9,lukechristiansc
the-incredibles,9,CineAutoctono
the-incredibles,10,EpicLadySponge
the-incredibles,10,DavidTejada
raging-bull,9,EpicLadySponge
the-incredibles,9,Futuredirector
troy,9,cameronmorewood
secrets-lies,9,EpicLadySponge
batman-begins,9,Futuredirector
the-incredibles,9,MonkiReviews
sideways,9,EpicLadySponge
scent-of-a-woman,9,SEROJ
saw-ii,9,TheQuietGamer
anchorman-the-legend-of-ron-burgundy,10,j30
anchorman-the-legend-of-ron-burgundy,9,Zilcell
garden-state,9,Halfwelshman
shaun-of-the-dead,10,Bullet97
shaun-of-the-dead,9,TheQuietGamer
maria-full-of-grace,9,EpicLadySponge
maria-full-of-grace,9,mapizarro
harry-potter-and-the-prisoner-of-azkaban,10,Zilcell
harry-potter-and-the-prisoner-of-azkaban,9,heyitsmegrif4
harry-potter-and-the-prisoner-of-azkaban,10,cameronmorewood
the-terminal,10,gm101
anchorman-the-legend-of-ron-burgundy,10,RayzorMoose
anchorman-the-legend-of-ron-burgundy,9,lukechristiansc
dodgeball-a-true-underdog-story,9,MrMovieBuff
philadelphia,9,Rumblebeelove
yu-gi-oh!-the-movie,9,MovieLonely94
dawn-of-the-dead,9,TheQuietGamer
dawn-of-the-dead,10,lukechristiansc
pride-prejudice,9,worleyjamers
elf,9,EpicLadySponge
mulan,9,grandpajoe6191
shrek-2,10,gm101
mulan,9,gm101
shrek-2,9,KendylKlownfish
elf,9,MonkiReviews
mulan,10,MovieLonely94
mulan,9,homer4president
shrek-2,10,Halfwelshman
shrek-2,10,Zilcell
spider-man-2,9,MovieLonely94
before-sunset,9,worleyjamers
spider-man-2,9,TheQuietGamer
shrek-2,9,Rox22
before-sunset,10,lukechristiansc
mulan,9,aaronpaul121
harry-potter-and-the-prisoner-of-azkaban,9,TheQuietGamer
mulan,10,Zilcell
spider-man-2,10,Zilcell
ed-wood,10,lukechristiansc
mulan,9,jeff_reviews
shrek-2,9,heyitsmegrif4
shrek-2,10,MovieLonely94
mulan,9,MrMovieBuff
shaun-of-the-dead,9,MrMovieBuff
harry-potter-and-the-prisoner-of-azkaban,9,Potter17
brokeback-mountain,9,EpicLadySponge
napoleon-dynamite,10,TheQuietGamer
to-be-and-to-have,9,EpicLadySponge
star-wars-episode-vi---return-of-the-jedi,9,grandpajoe6191
spider-man-2,10,Tranquilbez22
star-wars-episode-v---the-empire-strikes-back,9,grandpajoe6191
spider-man-2,10,gm101
spider-man-2,9,cameronmorewood
spider-man-2,9,heybuddymovies
star-wars-episode-v---the-empire-strikes-back,10,EpicLadySponge
harry-potter-and-the-prisoner-of-azkaban,9,Annoymous1
dawn-of-the-dead,9,homer4president
star-wars-episode-iv---a-new-hope,10,TheQuietGamer
star-wars-episode-v---the-empire-strikes-back,10,Jacob
shrek-2,9,EpicLadySponge
shrek-2,9,DavidTejada
star-wars-episode-iv---a-new-hope,10,MrMovieBuff
star-wars-episode-v---the-empire-strikes-back,10,homer4president
star-wars-episode-vi---return-of-the-jedi,10,MovieLonely94
dogville,9,smijatov
cliffords-really-big-movie,10,SimpsonFans
harry-potter-and-the-prisoner-of-azkaban,9,homer4president
harry-potter-and-the-prisoner-of-azkaban,10,MrMovieBuff
star-wars-episode-iv---a-new-hope,10,gm101
star-wars-episode-v---the-empire-strikes-back,10,Zilcell
star-wars-episode-v---the-empire-strikes-back,10,MrMovieBuff
star-wars-episode-iv---a-new-hope,9,grandpajoe6191
napoleon-dynamite,10,Zilcell
star-wars-episode-v---the-empire-strikes-back,10,MovieLonely94
after-hours,9,EpicLadySponge
star-wars-episode-v---the-empire-strikes-back,9,cameronmorewood
harry-potter-and-the-prisoner-of-azkaban,9,EpicLadySponge
star-wars-episode-iv---a-new-hope,9,j30
star-wars-episode-iv---a-new-hope,10,MovieLonely94
star-wars-episode-vi---return-of-the-jedi,10,gm101
star-wars-episode-iv---a-new-hope,10,Zilcell
star-wars-episode-iv---a-new-hope,9,CineAutoctono
star-wars-episode-v---the-empire-strikes-back,9,TheQuietGamer
star-wars-episode-vi---return-of-the-jedi,10,Zilcell
hidalgo,9,TheQuietGamer
the-punisher,9,TheQuietGamer
resident-evil,10,lukechristiansc
star-wars-episode-v---the-empire-strikes-back,10,jeff_reviews
hellboy,9,TheQuietGamer
eternal-sunshine-of-the-spotless-mind,9,JonnyFendi
cold-mountain,10,InfamousPrince
my-voyage-to-italy,9,EpicLadySponge
eternal-sunshine-of-the-spotless-mind,9,EpicLadySponge
spider-man-2,9,homer4president
spider-man-2,10,MrMovieBuff
eternal-sunshine-of-the-spotless-mind,10,heyitsmegrif4
kill-bill-vol-2,9,Halfwelshman
spider-man-2,9,Futuredirector
50-first-dates,9,TheQuietGamer
city-of-god,10,cameronmorewood
the-passion-of-the-christ,9,TheQuietGamer
city-of-god,9,Iky009
city-of-god,9,nutterjr
kill-bill-vol-2,9,Iky009
star-wars-episode-vi---return-of-the-jedi,9,homer4president
bubba-ho-tep,9,TheQuietGamer
star-wars-episode-v---the-empire-strikes-back,9,CineAutoctono
mystic-river,10,PurpleUrp
city-of-god,10,j30
star-wars-episode-iv---a-new-hope,10,jeff_reviews
star-wars-episode-v---the-empire-strikes-back,10,DavidTejada
mystic-river,10,cameronmorewood
the-lord-of-the-rings-the-return-of-the-king,10,homer4president
casino-royale,9,movie2187
a-history-of-violence,9,j30
star-wars-episode-vi---return-of-the-jedi,10,MonkiReviews
peter-pan,10,MovieLonely94
star-wars-episode-v---the-empire-strikes-back,9,MonkiReviews
casino-royale,9,cameronmorewood
eternal-sunshine-of-the-spotless-mind,9,grandpajoe6191
timeline,10,SimpsonFans
casino-royale,10,worleyjamers
star-wars-episode-iv---a-new-hope,10,homer4president
casino-royale,10,Annoymous1
eternal-sunshine-of-the-spotless-mind,10,cameronmorewood
kill-bill-vol-1,10,Bullet97
scary-movie-3,10,lukechristiansc
the-triplets-of-belleville,9,EpicLadySponge
casino-royale,10,MrMovieBuff
house-of-sand-and-fog,10,cameronmorewood
eternal-sunshine-of-the-spotless-mind,10,Iky009
independence-day,10,lukechristiansc
eternal-sunshine-of-the-spotless-mind,10,worleyjamers
star-wars-episode-iv---a-new-hope,10,EpicLadySponge
big-fish,10,j30
21-grams,9,cameronmorewood
the-cat-in-the-hat,9,MovieLonely94
cheaper-by-the-dozen,9,TheQuietGamer
the-rundown,9,TheQuietGamer
schindlers-list,9,grandpajoe6191
spy-kids-3-d-game-over,9,MovieLonely94
star-wars-episode-iv---a-new-hope,10,MonkiReviews
looney-tunes-back-in-action,9,TheQuietGamer
the-school-of-rock,9,cameronmorewood
spy-kids-3-d-game-over,9,lukechristiansc
x-men-the-last-stand,10,Zilcell
kill-bill-vol-1,9,Iky009
lost-in-translation,10,J-Shap
the-lord-of-the-rings-the-return-of-the-king,10,Potter17
american-splendor,9,EpicLadySponge
the-matrix-revolutions,10,SimpsonFans
the-lord-of-the-rings-the-return-of-the-king,10,heyitsmegrif4
return-to-oz,9,MovieLonely94
capturing-the-friedmans,9,EpicLadySponge
kill-bill-vol-1,10,lukechristiansc
the-lord-of-the-rings-the-return-of-the-king,10,MovieLonely94
the-departed,10,j30
cabin-fever,9,cameronmorewood
freddy-vs-jason,10,lukechristiansc
freddy-vs-jason,9,MovieLonely94
johnny-english,9,spielbrick90
schindlers-list,10,Iky009
the-lord-of-the-rings-the-return-of-the-king,10,Halfwelshman
schindlers-list,10,SEROJ
the-departed,10,cameronmorewood
the-departed,9,Iky009
the-lord-of-the-rings-the-return-of-the-king,9,cameronmorewood
the-departed,9,RayzorMoose
schindlers-list,9,homer4president
a-night-at-the-roxbury,10,lordjrs
schindlers-list,10,MrMovieBuff
lauberge-espagnole,9,mapizarro
freaky-friday,10,vini1904
schindlers-list,9,EpicLadySponge
bruce-almighty,10,SEROJ
pirates-of-the-caribbean-the-curse-of-the-black-pearl,10,gm101
lost-in-translation,9,Potter17
pirates-of-the-caribbean-the-curse-of-the-black-pearl,9,cameronmorewood
finding-nemo,10,heyitsmegrif4
v-for-vendetta,9,TheQuietGamer
lost-in-translation,9,CineAutoctono
finding-nemo,10,gm101
lost-in-translation,9,EpicLadySponge
finding-nemo,9,Zilcell
eight-crazy-nights,9,TheQuietGamer
finding-nemo,9,Iky009
cars,10,Zilcell
finding-nemo,9,grandpajoe6191
pirates-of-the-caribbean-the-curse-of-the-black-pearl,9,Potter17
finding-nemo,9,aaronpaul121
mrs-doubtfire,9,Tranquilbez22
pirates-of-the-caribbean-the-curse-of-the-black-pearl,9,GodotIsW8ing4U
mrs-doubtfire,10,Zilcell
cars,10,MonkiReviews
indiana-jones-and-the-temple-of-doom,10,lukechristiansc
28-days-later,10,TheQuietGamer
mrs-doubtfire,9,homer4president
hulk,10,Zilcell
indiana-jones-and-the-temple-of-doom,9,homer4president
28-days-later,9,Halfwelshman
pirates-of-the-caribbean-the-curse-of-the-black-pearl,9,Rox22
28-days-later,9,Potter17
the-lord-of-the-rings-the-return-of-the-king,9,EpicLadySponge
finding-nemo,10,MovieLonely94
raiders-of-the-lost-ark,9,homer4president
indiana-jones-and-the-temple-of-doom,9,MonkiReviews
28-days-later,9,GodotIsW8ing4U
mission-impossible-iii,10,movie2187
raiders-of-the-lost-ark,9,EpicLadySponge
anger-management,9,TheQuietGamer
2-fast-2-furious,9,Zilcell
finding-nemo,9,cameronmorewood
finding-nemo,9,Rox22
raiders-of-the-lost-ark,9,grandpajoe6191
raiders-of-the-lost-ark,9,gm101
finding-nemo,10,jeff_reviews
holes,9,Zilcell
pirates-of-the-caribbean-the-curse-of-the-black-pearl,9,homer4president
twelve-monkeys,10,iluvmovies
psycho,10,lukechristiansc
raiders-of-the-lost-ark,10,cameronmorewood
finding-nemo,10,homer4president
finding-nemo,10,MrMovieBuff
pirates-of-the-caribbean-the-curse-of-the-black-pearl,9,Futuredirector
jumanji,9,Zilcell
pirates-of-the-caribbean-the-curse-of-the-black-pearl,10,MonkiReviews
the-lion-king,9,grandpajoe6191
the-lion-king,10,cameronmorewood
pirates-of-the-caribbean-dead-mans-chest,10,gm101
jumanji,9,lukechristiansc
desperado,10,lukechristiansc
the-lion-king,10,TitaniumDragon
jumanji,9,homer4president
finding-nemo,9,CineAutoctono
the-lion-king,9,Potter17
finding-nemo,10,EpicLadySponge
finding-nemo,10,DavidTejada
the-lion-king,9,Annoymous1
finding-nemo,10,Futuredirector
the-lord-of-the-rings-the-two-towers,10,heyitsmegrif4
the-lord-of-the-rings-the-two-towers,10,MovieLonely94
raiders-of-the-lost-ark,9,CineAutoctono
halloween-1978,9,MovieLonely94
raiders-of-the-lost-ark,9,MonkiReviews
finding-nemo,9,MonkiReviews
the-lion-king,10,gm101
halloween-h20-20-years-later,9,MovieLonely94
the-lion-king,10,MovieLonely94
piglets-big-movie,10,heyitsmegrif4
piglets-big-movie,10,MovieLonely94
the-lion-king,9,TheQuietGamer
halloween-h20-20-years-later,10,lukechristiansc
the-lion-king,9,aaronpaul121
the-lion-king,10,NaughtyDog
halloween-1978,10,j30
pinocchio,10,Malasawas
the-lion-king,10,SEROJ
the-lord-of-the-rings-the-two-towers,10,Potter17
the-lion-king,10,Daniel17
the-lion-king,9,MrMovieBuff
cars,10,gm101
the-lion-king,9,EpicLadySponge
the-lion-king,10,Futuredirector
halloween-1978,10,cameronmorewood
the-lion-king,9,SimpsonFans
gangs-of-new-york,9,cameronmorewood
the-lion-king,9,MonkiReviews
little-miss-sunshine,9,grandpajoe6191
the-hours,10,smijatov
gangs-of-new-york,9,MrMovieBuff
the-lord-of-the-rings-the-two-towers,10,homer4president
v-for-vendetta,9,Rumblebeelove
food-of-love,10,mapizarro
the-lord-of-the-rings-the-two-towers,9,EpicLadySponge
a-bugs-life,10,gm101
v-for-vendetta,9,worleyjamers
v-for-vendetta,9,Rox22
terminator-2-judgment-day,9,TheQuietGamer
a-bugs-life,9,MovieLonely94
terminator-2-judgment-day,9,Iky009
the-people-vs-larry-flynt,9,Halfwelshman
a-bugs-life,9,Zilcell
catch-me-if-you-can,9,Iky009
king-kong,9,Potter17
terminator-2-judgment-day,10,lukechristiansc
king-kong,10,Zilcell
a-bugs-life,9,jeff_reviews
terminator-2-judgment-day,9,grandpajoe6191
v-for-vendetta,9,lukechristiansc
bloody-sunday,9,EpicLadySponge
terminator-2-judgment-day,9,EpicLadySponge
terminator-2-judgment-day,10,MovieLonely94
punch-drunk-love,10,j30
treasure-planet,9,homer4president
terminator-2-judgment-day,10,gm101
the-pianist,10,Futuredirector
catch-me-if-you-can,9,MrMovieBuff
employee-of-the-month,9,TheQuietGamer
king-kong,10,cameronmorewood
punch-drunk-love,9,TheQuietGamer
catch-me-if-you-can,9,MonkiReviews
ran,9,EpicLadySponge
king-kong,10,lukechristiansc
cube,10,Malasawas
harry-potter-and-the-chamber-of-secrets,10,cameronmorewood
the-wild-thornberrys-movie,9,MovieLonely94
far-from-heaven,10,smijatov
king-kong,9,homer4president
the-prince-of-egypt,9,grandpajoe6191
the-prince-of-egypt,10,MovieLonely94
spirited-away,9,grandpajoe6191
terminator-2-judgment-day,9,Futuredirector
spirited-away,10,heyitsmegrif4
who-framed-roger-rabbit,9,Rox22
saw-iii,9,Annoymous1
open-season,9,SimpsonFans
army-of-darkness,9,j30
harry-potter-and-the-chamber-of-secrets,10,Zilcell
who-framed-roger-rabbit,9,homer4president
who-framed-roger-rabbit,9,EpicLadySponge
army-of-darkness,9,lukechristiansc
8-mile,9,cameronmorewood
zoom,10,SimpsonFans
harry-potter-and-the-chamber-of-secrets,10,SEROJ
the-ring,10,cameronmorewood
spirited-away,10,MovieLonely94
lets-go-to-prison,9,TheQuietGamer
stranger-than-fiction,10,Bullet97
stranger-than-fiction,9,worleyjamers
harry-potter-and-the-chamber-of-secrets,9,EpicLadySponge
borat-cultural-learnings-of-america-for-make-benefit-glorious-nation-of-kazakhstan,9,EpicLadySponge
atanarjuat-the-fast-runner,9,EpicLadySponge
free-willy,9,MovieLonely94
volver,9,jordi
shortbus,10,Halfwelshman
time-out,9,EpicLadySponge
lady-in-the-water,9,lukechristiansc
little-miss-sunshine,9,Potter17
signs,9,MovieLonely94
back-to-the-future-part-iii,9,TheQuietGamer
pirates-of-the-caribbean-dead-mans-chest,9,SEROJ
spirited-away,9,KendylKlownfish
spirited-away,9,aaronpaul121
happy-feet,10,MovieLonely94
back-to-the-future-part-ii,10,lukechristiansc
happy-feet,10,InfamousPrince
spirited-away,9,Potter17
back-to-the-future,9,Iky009
the-bourne-identity,9,MonkiReviews
xxx,10,SimpsonFans
signs,9,cameronmorewood
back-to-the-future-part-iii,9,Futuredirector
back-to-the-future,9,lukechristiansc
spirited-away,10,InspectorJ
spirited-away,10,Iky009
back-to-the-future,9,MrMovieBuff
spirited-away,10,SEROJ
arthur-and-the-invisibles,10,SimpsonFans
back-to-the-future,9,CineAutoctono
pirates-of-the-caribbean-dead-mans-chest,9,MonkiReviews
stuart-little-2,9,Futuredirector
austin-powers-in-goldmember,10,Zilcell
back-to-the-future,10,Futuredirector
lilo-stitch,10,gm101
lilo-stitch,10,lordjrs
back-to-the-future,9,MonkiReviews
ice-age,10,MovieLonely94
army-of-shadows,9,EpicLadySponge
lilo-stitch,10,SimpsonFans
ice-age,9,TheQuietGamer
the-santa-clause,10,Zilcell
spider-man,10,gm101
spirited-away,9,EpicLadySponge
et-the-extra-terrestrial,10,Iky009
spirited-away,10,Futuredirector
zodiac,9,Potter17
spirit-stallion-of-the-cimarron,9,MovieLonely94
et-the-extra-terrestrial,10,MovieLonely94
ice-age,10,SEROJ
zodiac,9,cameronmorewood
the-santa-clause,9,MonkiReviews
mr-deeds,10,gm101
et-the-extra-terrestrial,9,aaronpaul121
et-the-extra-terrestrial,10,Potter17
spider-man,10,lukechristiansc
et-the-extra-terrestrial,10,Zilcell
star-wars-episode-ii---attack-of-the-clones,9,TheQuietGamer
spider-man,9,MovieLonely94
beauty-and-the-beast-1991,10,Daniel17
beauty-and-the-beast-1991,10,SimpsonFans
insomnia,9,cameronmorewood
the-big-lebowski,9,J-Shap
star-wars-episode-ii---attack-of-the-clones,10,gm101
beauty-and-the-beast-1991,10,MrMovieBuff
star-wars-episode-ii---attack-of-the-clones,10,MovieLonely94
et-the-extra-terrestrial,10,lukechristiansc
scooby-doo,10,SimpsonFans
ice-age,10,SimpsonFans
honey-i-shrunk-the-kids,10,lukechristiansc
et-the-extra-terrestrial,9,EpicLadySponge
et-the-extra-terrestrial,10,Futuredirector
insomnia,9,SEROJ
the-flintstones,9,MovieLonely94
the-flintstones,10,SimpsonFans
the-scorpion-king,9,TheQuietGamer
monsters-inc,9,grandpajoe6191
one-flew-over-the-cuckoos-nest,9,grandpajoe6191
death-to-smoochy,9,MovieLonely94
monsters-inc,10,Zilcell
spider-man,9,SEROJ
monsters-inc,9,heyitsmegrif4
sunshine,9,Malasawas
monsters-inc,10,Halfwelshman
monsters-inc,10,homer4president
panic-room,10,lukechristiansc
monsters-inc,9,TheQuietGamer
one-flew-over-the-cuckoos-nest,10,cameronmorewood
monsters-inc,9,MovieLonely94
monsters-inc,9,gm101
spider-man,9,homer4president
joe-somebody,10,SimpsonFans
monsters-inc,9,aaronpaul121
spider-man,9,MrMovieBuff
reign-over-me,9,TheQuietGamer
close-encounters-of-the-third-kind,9,EpicLadySponge
return-to-never-land,10,SimpsonFans
spider-man,9,DavidTejada
monsters-inc,10,jeff_reviews
monsters-inc,9,lukechristiansc
spider-man,10,Futuredirector
i-now-pronounce-you-chuck-larry,9,TheQuietGamer
scream-2,10,lukechristiansc
speed-2-cruise-control,9,SimpsonFans
monsters-inc,10,EpicLadySponge
the-lord-of-the-rings-the-fellowship-of-the-ring,9,grandpajoe6191
monsters-inc,9,MrMovieBuff
monsters-inc,9,Futuredirector
the-lord-of-the-rings-the-fellowship-of-the-ring,10,Potter17
monsters-inc,9,MonkiReviews
amelie,9,Iky009
jimmy-neutron-boy-genius,10,SimpsonFans
speed,10,SimpsonFans
the-lord-of-the-rings-the-fellowship-of-the-ring,10,heyitsmegrif4
speed,9,EpicLadySponge
gosford-park,9,lasttimeisaw
mr-beans-vacation,10,Gari
van-wilder,9,cameronmorewood
the-lord-of-the-rings-the-fellowship-of-the-ring,10,MovieLonely94
the-lord-of-the-rings-the-fellowship-of-the-ring,9,cameronmorewood
black-hawk-down,9,cameronmorewood
gosford-park,9,EpicLadySponge
a-beautiful-mind,9,Futuredirector
black-hawk-down,10,homer4president
men-in-black,9,Rox22
harry-potter-and-the-sorcerers-stone,10,cameronmorewood
the-others,9,cameronmorewood
the-others,9,smijatov
the-lord-of-the-rings-the-fellowship-of-the-ring,9,jordi
the-others,9,Iky009
harry-potter-and-the-sorcerers-stone,9,TheQuietGamer
i-am-legend,9,TheQuietGamer
moolaade,9,EpicLadySponge
mulholland-dr,10,j30
children-of-men,9,Potter17
harry-potter-and-the-sorcerers-stone,10,Zilcell
speed-racer,10,lukechristiansc
harry-potter-and-the-sorcerers-stone,10,SEROJ
the-game-plan,9,TheQuietGamer
the-lord-of-the-rings-the-fellowship-of-the-ring,10,homer4president
mulholland-dr,10,cameronmorewood
the-lord-of-the-rings-the-fellowship-of-the-ring,9,EpicLadySponge
harry-potter-and-the-sorcerers-stone,9,homer4president
harry-potter-and-the-sorcerers-stone,9,MrMovieBuff
chinatown,10,j30
the-evil-dead-1983,10,lukechristiansc
harry-potter-and-the-sorcerers-stone,9,EpicLadySponge
resident-evil-extinction,10,lukechristiansc
groundhog-day,10,randomdude
the-abyss,9,Rox22
atlantis-the-lost-empire,9,MovieLonely94
atlantis-the-lost-empire,9,speno93
groundhog-day,9,MovieLonely94
rat-race,9,SEROJ
zoolander,9,TheQuietGamer
ghost-world,9,EpicLadySponge
quiz-show,9,EpicLadySponge
atlantis-the-lost-empire,10,DrNegative
zoolander,10,Rumblebeelove
knocked-up,10,lukechristiansc
lagaan-once-upon-a-time-in-india,10,Annoymous1
american-pie-2,10,lukechristiansc
mash,9,Halfwelshman
groundhog-day,9,homer4president
the-servant,9,EpicLadySponge
moulin-rouge!,10,smijatov
jurassic-park,9,MrMovieBuff
jurassic-park,10,gm101
apocalypse-now,9,grandpajoe6191
apocalypse-now,10,cameronmorewood
jurassic-park,9,TitaniumDragon
jurassic-park,10,MovieLonely94
jurassic-park,9,TheQuietGamer
mr-magoriums-wonder-emporium,10,Bullet97
jurassic-park,9,Halfwelshman
jurassic-park,10,j30
the-purple-rose-of-cairo,9,J-Shap
hannah-and-her-sisters,9,J-Shap
shrek,9,KendylKlownfish
shrek,9,homer4president
apocalypse-now,9,EpicLadySponge
jurassic-park,9,Rox22
shrek,9,MovieLonely94
shrek,9,heyitsmegrif4
the-dark-knight,10,cameronmorewood
shrek,10,SimpsonFans
star-wars-episode-i---the-phantom-menace,10,MovieLonely94
halloween-4-the-return-of-michael-myers,10,MovieLonely94
cats-dogs,9,MovieLonely94
the-godfather,10,Annoymous1
jurassic-park,10,lukechristiansc
bridget-joness-diary,10,lukechristiansc
halloween-4-the-return-of-michael-myers,10,lukechristiansc
shrek,9,Halfwelshman
shrek,9,Potter17
shrek,9,Zilcell
jurassic-park,9,homer4president
shrek,9,jeff_reviews
spy-kids,9,MovieLonely94
total-recall,10,Zilcell
jurassic-park,9,EpicLadySponge
shrek,10,lukechristiansc
the-mask-of-zorro,9,MovieLonely94
the-godfather,10,j30
spy-kids,10,lukechristiansc
before-sunrise,10,lukechristiansc
dumb-and-dumber,10,SEROJ
shrek,9,EpicLadySponge
shrek,10,DavidTejada
the-neverending-story,10,MovieLonely94
shrek,9,Futuredirector
the-goonies,10,MovieLonely94
the-goonies,10,Zilcell
the-goonies,9,Rox22
no-country-for-old-men,9,grandpajoe6191
office-space,9,cameronmorewood
star-wars-episode-i---the-phantom-menace,10,gm101
star-wars-episode-i---the-phantom-menace,10,TheQuietGamer
forrest-gump,10,gm101
a-clockwork-orange,10,cameronmorewood
3000-miles-to-graceland,10,SimpsonFans
i-know-what-you-did-last-summer,9,vini1904
memento,9,RayzorMoose
forrest-gump,9,Iky009
pirates-of-the-caribbean-at-worlds-end,10,gm101
forrest-gump,10,MovieLonely94
forrest-gump,10,cameronmorewood
die-hard-with-a-vengeance,9,lukechristiansc
memento,9,grandpajoe6191
forrest-gump,9,Jacob
the-muppet-movie,10,MovieLonely94
deep-blue-sea,9,TheQuietGamer
unbreakable,10,iluvmovies
the-fugitive,9,EpicLadySponge
pay-it-forward,10,SEROJ
dan-in-real-life,10,cameronmorewood
bee-movie,10,Zilcell
requiem-for-a-dream,10,cameronmorewood
miss-congeniality,10,lordjrs
the-shining,10,j30
forrest-gump,10,homer4president
forrest-gump,9,MrMovieBuff
the-emperors-new-groove,10,lordjrs
the-professional,9,Rumblebeelove
crouching-tiger-hidden-dragon,9,EpicLadySponge
rush-hour,10,gm101
the-emperors-new-groove,10,gm101
the-emperors-new-groove,10,Zilcell
the-shining,10,cameronmorewood
forrest-gump,9,EpicLadySponge
yi-yi,9,EpicLadySponge
the-emperors-new-groove,10,Futuredirector
forrest-gump,10,Futuredirector
superman,10,Zilcell
billy-elliot,9,heyitsmegrif4
little-nicky,9,TheQuietGamer
waynes-world,9,TheQuietGamer
space-cowboys,10,lukechristiansc
102-dalmatians,9,MovieLonely94
superman,9,MrMovieBuff
superman,9,EpicLadySponge
the-godfather,10,aaronpaul121
superman,10,Futuredirector
requiem-for-a-dream,9,Halfwelshman
dancer-in-the-dark,10,smijatov
reversal-of-fortune,9,EpicLadySponge
toy-story-2,10,gm101
toy-story-2,10,heyitsmegrif4
almost-famous,9,Halfwelshman
almost-famous,10,J-Shap
toy-story-2,10,EpicLadySponge
toy-story-2,9,grandpajoe6191
toy-story-2,10,MovieLonely94
diary-of-the-dead,9,TheQuietGamer
superman-ii,10,Zilcell
cloverfield,10,Bullet97
toy-story-2,10,KendylKlownfish
toy-story-2,10,aaronpaul121
almost-famous,10,Potter17
toy-story-2,10,Zilcell
superman-ii,9,MrMovieBuff
superman-ii,9,EpicLadySponge
theres-something-about-mary,9,lukechristiansc
almost-famous,10,cameronmorewood
the-adventures-of-rocky-bullwinkle,10,SimpsonFans
toy-story-2,10,jeff_reviews
almost-famous,9,EpicLadySponge
toy-story-2,9,RayzorMoose
toy-story-2,9,homer4president
dinosaur,10,MovieLonely94
the-wedding-singer,9,Bullet97
toy-story-2,9,CineAutoctono
dinosaur,9,homer4president
the-piano,9,EpicLadySponge
tropic-thunder,10,TheQuietGamer
dinosaur,10,SimpsonFans
toy-story-2,10,Futuredirector
me-myself-irene,10,lukechristiansc
the-godfather,10,EpicLadySponge
toy-story-2,10,MonkiReviews
the-adventures-of-elmo-in-grouchland,10,SimpsonFans
tropic-thunder,9,Rox22
tropic-thunder,10,Annoymous1
drillbit-taylor,9,TheQuietGamer
predator,9,TheQuietGamer
scary-movie,9,TheQuietGamer
the-road-to-el-dorado,10,MovieLonely94
superhero-movie,9,TheQuietGamer
chicken-run,9,grandpajoe6191
big-mommas-house,10,SimpsonFans
gone-in-sixty-seconds,9,Rox22
chicken-run,10,gm101
road-trip,9,SimpsonFans
chicken-run,10,SimpsonFans
chicken-run,9,aaronpaul121
chicken-run,10,Halfwelshman
chicken-run,9,spielbrick90
scary-movie,9,lukechristiansc
gladiator,10,Halfwelshman
fantasia-2000,10,InspectorJ
chicken-run,9,EpicLadySponge
jaws,10,MovieLonely94
jaws,10,Halfwelshman
x-men,10,gm101
jaws,9,Potter17
x-men,9,Zilcell
princess-mononoke,9,grandpajoe6191
flash-gordon,10,Zilcell
x-men,9,heybuddymovies
american-beauty,9,MrMovieBuff
american-beauty,9,grandpajoe6191
gladiator,9,cameronmorewood
american-beauty,10,cameronmorewood
jaws,9,TheQuietGamer
princess-mononoke,10,MovieLonely94
the-lost-world-jurassic-park,10,gm101
jaws,9,Annoymous1
forgetting-sarah-marshall,10,cameronmorewood
iron-man,10,MovieLonely94
jaws,10,lukechristiansc
x-men,10,MrMovieBuff
princess-mononoke,9,Iky009
you-dont-mess-with-the-zohan,9,TheQuietGamer
jaws,10,homer4president
the-lost-world-jurassic-park,9,lukechristiansc
american-psycho,9,Halfwelshman
jaws,9,EpicLadySponge
this-is-spinal-tap,10,j30
jaws,9,Futuredirector
a-summers-tale,9,EpicLadySponge
american-psycho,10,cameronmorewood
the-tigger-movie,9,MovieLonely94
the-tigger-movie,9,heyitsmegrif4
fargo,10,cameronmorewood
the-mummy,9,TheQuietGamer
fargo,10,J-Shap
the-pirates-who-dont-do-anything-a-veggietales-movie,9,heyitsmegrif4
fargo,9,grandpajoe6191
the-crying-game,9,EpicLadySponge
the-edge-of-heaven,9,nutterjr
zombie-strippers!,10,lukechristiansc
magnolia,10,cameronmorewood
the-incredible-hulk,9,TheQuietGamer
the-incredible-hulk,10,gm101
indiana-jones-and-the-kingdom-of-the-crystal-skull,10,Bullet97
the-strangers,9,cameronmorewood
bicentennial-man,9,Rox22
topsy-turvy,9,EpicLadySponge
fight-club,10,cameronmorewood
being-john-malkovich,10,Halfwelshman
4-months-3-weeks-and-2-days,9,EpicLadySponge
fight-club,9,Rox22
the-straight-story,9,EpicLadySponge
sleepy-hollow,10,lukechristiansc
the-green-mile,10,InspectorJ
the-green-mile,9,SEROJ
clue,10,TitaniumDragon
being-john-malkovich,9,EpicLadySponge
tarzan,9,grandpajoe6191
tarzan,10,gm101
the-green-mile,9,homer4president
spaceballs,9,MovieLonely94
tarzan,10,MovieLonely94
poltergeist-1982,9,TheQuietGamer
tarzan,9,homer4president
tarzan,9,cameronmorewood
poltergeist-1982,9,EpicLadySponge
poltergeist-1982,9,Futuredirector
spaceballs,10,SimpsonFans
tarzan,9,SimpsonFans
the-sixth-sense,9,grandpajoe6191
manhattan,10,J-Shap
wall-e,10,TitaniumDragon
wall-e,10,TitaniumDragon
wall-e,9,aaronpaul121
wall-e,10,NaughtyDog
wall-e,10,Zilcell
wall-e,10,jeff_reviews
gone-with-the-wind,10,Futuredirector
wall-e,9,lukechristiansc
the-shawshank-redemption,9,grandpajoe6191
american-pie,10,cameronmorewood
american-pie,9,heyitsmegrif4
wild-wild-west,10,SimpsonFans
fight-club,9,JonnyFendi
beavis-and-butt-head-do-america,10,Zilcell
wall-e,10,homer4president
the-iron-giant,10,MovieLonely94
american-pie,10,lukechristiansc
wall-e,9,CineAutoctono
the-usual-suspects,10,cameronmorewood
the-iron-giant,10,Halfwelshman
wall-e,10,diegonelli
ferris-buellers-day-off,10,cameronmorewood
clueless,9,vini1904
ferris-buellers-day-off,10,lasttimeisaw
saving-private-ryan,9,grandpajoe6191
stop-making-sense,9,EpicLadySponge
wall-e,9,MonkiReviews
the-iron-giant,9,EpicLadySponge
saving-private-ryan,10,SEROJ
ferris-buellers-day-off,9,Zilcell
the-iron-giant,10,SEROJ
iron-man,9,TheQuietGamer
the-iron-giant,10,homer4president
robocop,9,EpicLadySponge
the-dark-knight,9,TheQuietGamer
the-matrix,9,grandpajoe6191
iron-man,10,Zilcell
the-matrix,9,randomdude
breakfast-at-tiffanys,9,Iky009
the-matrix,10,joelschnick
titanic,9,JonnyFendi
saving-private-ryan,10,Halfwelshman
the-shawshank-redemption,10,MoeYaz
central-station,9,Iky009
mallrats,9,Rox22
life-is-beautiful,9,Futuredirector
the-matrix,9,JonnyFendi
iron-man,9,cameronmorewood
shakespeare-in-love,9,Halfwelshman
titanic,10,MovieLonely94
titanic,10,lukechristiansc
the-dark-knight,10,heybuddymovies
rushmore,9,j30
monty-python-and-the-holy-grail,10,Futuredirector
ghostbusters,10,Jacob
ghostbusters,9,EpicLadySponge
badlands,9,EpicLadySponge
the-dark-knight,10,BasilZero
diner,10,MovieLonely94
titanic,10,AndrewUltimate
full-metal-jacket,10,cameronmorewood
titanic,9,aaronpaul121
saving-private-ryan,9,Iky009
iron-man,9,homer4president
iron-man,10,MrMovieBuff
ghostbusters,10,Futuredirector
austin-powers-the-spy-who-shagged-me,9,MovieLonely94
anastasia,10,MovieLonely94
the-shawshank-redemption,10,SEROJ
south-park-bigger-longer-uncut,10,Zilcell
american-history-x,10,cameronmorewood
iron-man,9,EpicLadySponge
the-matrix,10,lukechristiansc
home-alone,10,gm101
home-alone,10,SEROJ
anastasia,9,Rox22
iron-man,10,Futuredirector
crumb,9,EpicLadySponge
die-hard-2,9,lukechristiansc
saving-private-ryan,10,homer4president
the-matrix,9,EpicLadySponge
home-alone,10,Futuredirector
the-parent-trap,9,MonkiReviews
saving-private-ryan,9,EpicLadySponge
the-shawshank-redemption,9,homer4president
saving-private-ryan,10,DavidTejada
home-alone,10,SimpsonFans
home-alone,9,MonkiReviews
good-will-hunting,9,j30
american-history-x,9,SEROJ
titanic,9,lasttimeisaw
american-history-x,9,EpicLadySponge
titanic,9,Iky009
crash,10,cameronmorewood
crimes-and-misdemeanors,10,j30
crash,10,worleyjamers
crimes-and-misdemeanors,9,J-Shap
armageddon,9,MovieLonely94
mission-impossible,9,gm101
titanic,10,SEROJ
dead-alive,10,TheQuietGamer
carrie-1976,9,TheQuietGamer
evil-dead-ii,10,j30
the-matrix,9,MrMovieBuff
mission-impossible,10,movie2187
the-texas-chain-saw-massacre,10,j30
one-false-move,9,EpicLadySponge
the-texas-chain-saw-massacre,10,lukechristiansc
titanic,10,MonkiReviews
evil-dead-ii,9,lukechristiansc
pineapple-express,10,Bullet97
the-silence-of-the-lambs,9,Potter17
dazed-and-confused,9,J-Shap
pineapple-express,9,TheQuietGamer
pulp-fiction,9,grandpajoe6191
cabaret,9,lasttimeisaw
mad-max,9,TheQuietGamer
the-silence-of-the-lambs,9,aaronpaul121
mad-max,10,lukechristiansc
la-confidential,9,Halfwelshman
boogie-nights,10,cameronmorewood
the-silence-of-the-lambs,10,Annoymous1
the-truman-show,9,Iky009
la-confidential,9,cameronmorewood
do-the-right-thing,10,cameronmorewood
the-manchurian-candidate-1962,9,EpicLadySponge
la-confidential,9,grandpajoe6191
trainspotting,10,Halfwelshman
do-the-right-thing,9,EpicLadySponge
scarface,10,SEROJ
the-truman-show,9,EpicLadySponge
indiana-jones-and-the-kingdom-of-the-crystal-skull,9,gm101
the-dark-knight,10,Daniel17
the-fifth-element,9,Rox22
trainspotting,9,Iky009
leaving-las-vegas,10,cameronmorewood
scream,10,lukechristiansc
the-dark-knight,10,homer4president
conan-the-barbarian,9,TheQuietGamer
the-silence-of-the-lambs,9,EpicLadySponge
indiana-jones-and-the-kingdom-of-the-crystal-skull,10,Zilcell
scarface,10,randomdude
anaconda,9,lukechristiansc
amadeus,9,lasttimeisaw
animal-house,10,cameronmorewood
casino,9,cameronmorewood
2001-a-space-odyssey,10,AndrewUltimate
amadeus,10,SEROJ
pulp-fiction,9,JonnyFendi
2001-a-space-odyssey,10,spielbrick90
austin-powers-international-man-of-mystery,9,MovieLonely94
amadeus,9,EpicLadySponge
amadeus,9,Futuredirector
2001-a-space-odyssey,10,cameronmorewood
2001-a-space-odyssey,10,Iky009
happy-gilmore,9,TheQuietGamer
scarface,9,EpicLadySponge
twister,10,MovieLonely94
shine,9,EpicLadySponge
the-mask,10,MovieLonely94
space-jam,9,SimpsonFans
mortal-kombat,10,gm101
batman,9,grandpajoe6191
batman,10,MovieLonely94
lethal-weapon,9,EpicLadySponge
the-terminator,9,j30
halloween-ii,9,MovieLonely94
risky-business,9,SimpsonFans
die-hard,9,grandpajoe6191
blade-runner,10,j30
ace-ventura-pet-detective,9,MovieLonely94
goodfellas,10,cameronmorewood
batman,9,TheQuietGamer
batman,9,Halfwelshman
pulp-fiction,9,Jacob
the-dark-knight,9,CineAutoctono
ace-ventura-pet-detective,10,lukechristiansc
the-terminator,9,MovieLonely94
pulp-fiction,10,j30
die-hard,10,lukechristiansc
the-dark-knight,10,Futuredirector
goodfellas,10,j30
the-terminator,10,lukechristiansc
die-hard,9,Futuredirector
blade-runner,9,Halfwelshman
blade-runner,9,lasttimeisaw
pulp-fiction,10,cameronmorewood
bolt,9,grandpajoe6191
slumdog-millionaire,9,heyitsmegrif4
the-terminator,9,EpicLadySponge
zombieland,10,Zilcell
zack-and-miri-make-a-porno,9,Rumblebeelove
the-terminator,10,Futuredirector
blade-runner,9,CineAutoctono
blade-runner,9,EpicLadySponge
up,10,Zilcell
up,10,heyitsmegrif4
pulp-fiction,9,RayzorMoose
gran-torino,10,Zilcell
bedtime-stories,9,TheQuietGamer
doubt,9,worleyjamers
bolt,9,DavidTejada
bolt,9,MonkiReviews
up,10,jeff_reviews
gran-torino,9,cameronmorewood
up,10,lukechristiansc
marley-me,9,cameronmorewood
pulp-fiction,9,EpicLadySponge
frostnixon,9,worleyjamers
coraline,9,heyitsmegrif4
up,9,CineAutoctono
up,10,diegonelli
up,10,DavidTejada
paul-blart-mall-cop,9,gm101
up,10,Futuredirector
up,9,MonkiReviews
my-sisters-keeper,9,JonnyFendi
whatever-works,9,Bikerjames
my-sisters-keeper,10,lukechristiansc
monsters-vs-aliens,10,Bullet97
humpday,9,Halfwelshman
the-day-the-earth-stood-still,9,Zilcell
gomorrah,9,EpicLadySponge
monsters-vs-aliens,10,Jacob
star-trek,10,spielbrick90
harry-potter-and-the-half-blood-prince,10,heyitsmegrif4
night-at-the-museum-battle-of-the-smithsonian,9,gm101
star-trek,9,heyitsmegrif4
inglourious-basterds,9,smijatov
slumdog-millionaire,9,J-Shap
slumdog-millionaire,9,Potter17
inglourious-basterds,10,heyitsmegrif4
slumdog-millionaire,9,Annoymous1
500-days-of-summer,10,heyitsmegrif4
up-in-the-air,9,worleyjamers
the-goods-live-hard-sell-hard,9,TheQuietGamer
slumdog-millionaire,9,CineAutoctono
inception,10,JonnyTheGreat
coraline,9,Jacob
500-days-of-summer,9,cameronmorewood
inception,10,InfamousPrince
coraline,9,MovieLonely94
inception,10,rayray
coraline,9,aaronpaul121
the-social-network,9,Bikerjames
district-9,9,grandpajoe6191
black-dynamite,9,j30
the-hangover,9,TheQuietGamer
inception,9,JonnyFendi
coraline,10,lukechristiansc
ponyo,9,heyitsmegrif4
star-trek,9,worleyjamers
the-social-network,10,aaronpaul121
inception,10,KendylKlownfish
the-social-network,9,BamaFalstaff
ponyo,10,MovieLonely94
ponyo,9,grandpajoe6191
the-social-network,10,J-Shap
paranormal-activity,10,lukechristiansc
the-social-network,9,Potter17
star-trek,9,homer4president
defendor,9,TheQuietGamer
inception,9,Potter17
district-13-ultimatum,9,TheQuietGamer
transformers-revenge-of-the-fallen,10,gm101
inception,10,BasilZero
500-days-of-summer,10,j30
2012,9,MovieLonely94
the-social-network,10,cameronmorewood
the-social-network,10,Iky009
the-hangover,10,Jacob
the-social-network,10,worleyjamers
2012,10,Annoymous1
crazy-heart,9,worleyjamers
avatar,9,Iky009
ponyo,10,Futuredirector
the-road,9,grandpajoe6191
the-social-network,9,lukechristiansc
district-9,10,Bullet97
avatar,9,Ruler101
avatar,9,MovieCritic
iron-man-2,10,MovieLonely94
the-social-network,9,CineAutoctono
inception,9,worleyjamers
green-zone,9,cameronmorewood
iron-man-2,9,Forrestgump1
the-secret-in-their-eyes,10,CitizenCharlie
the-secret-in-their-eyes,10,Halfwelshman
the-secret-in-their-eyes,9,lasttimeisaw
inception,10,SEROJ
the-road,9,j30
scott-pilgrim-vs-the-world,10,Bullet97
the-kids-are-all-right,9,smijatov
avatar,9,heyitsmegrif4
legend-of-the-guardians-the-owls-of-gahoole,10,movielover64
the-a-team,10,Forrestgump1
easy-a,9,Shiira
legend-of-the-guardians-the-owls-of-gahoole,10,MovieLonely94
easy-a,9,heyitsmegrif4
avatar,10,smijatov
wall-street-money-never-sleeps,10,Forrestgump1
scott-pilgrim-vs-the-world,10,Zilcell
the-kids-are-all-right,9,Shiira
the-kids-are-all-right,9,brewcrewpride
paranormal-activity,9,Futuredirector
inception,10,Futuredirector
animal-kingdom,9,nutterjr
iron-man-2,10,Zilcell
animal-kingdom,10,worleyjamers
harry-potter-and-the-half-blood-prince,9,Zilcell
scott-pilgrim-vs-the-world,10,kristen58
the-kids-are-all-right,9,Halfwelshman
robin-hood,9,TheQuietGamer
the-kids-are-all-right,9,j30
scott-pilgrim-vs-the-world,9,j30
easy-a,10,randomdude
inglourious-basterds,9,j30
the-a-team,9,TheQuietGamer
enter-the-void,10,TVJerry
red,10,Bullet97
nowhere-boy,9,BamaFalstaff
let-me-in,9,heyitsmegrif4
harry-potter-and-the-half-blood-prince,9,homer4president
scott-pilgrim-vs-the-world,10,Gari
inglourious-basterds,10,cameronmorewood
let-me-in,10,DrNegative
red,9,TVJerry
harry-potter-and-the-half-blood-prince,10,Futuredirector
buried,9,TheQuietGamer
inglourious-basterds,10,worleyjamers
never-let-me-go,9,j30
buried,9,KendylKlownfish
harry-potter-and-the-deathly-hallows-part-i,9,MovieLonely94
black-swan,9,smijatov
the-kings-speech,10,worleyjamers
megamind,9,Zilcell
never-let-me-go,9,vini1904
let-me-in,9,Shiira
love-and-other-drugs,10,InfamousPrince
black-swan,10,j30
black-swan,9,grandpajoe6191
megamind,10,movielover64
red,9,lukechristiansc
the-kings-speech,9,TVJerry
let-me-in,10,TVJerry
the-chronicles-of-narnia-the-voyage-of-the-dawn-treader,10,gm101
i-love-you-phillip-morris,10,randomdude
the-kings-speech,10,smijatov
the-chronicles-of-narnia-the-voyage-of-the-dawn-treader,10,MovieLonely94
harry-potter-and-the-deathly-hallows-part-i,9,heyitsmegrif4
somewhere,9,Shiira
the-kings-speech,9,nutterjr
harry-potter-and-the-deathly-hallows-part-i,9,gm101
black-swan,9,brewcrewpride
inglourious-basterds,9,MrMovieBuff
tron-legacy,9,TheQuietGamer
love-and-other-drugs,9,Skytreader
megamind,9,Rumblebeelove
the-kings-speech,9,Shiira
black-swan,9,heyitsmegrif4
the-kings-speech,10,brewcrewpride
scott-pilgrim-vs-the-world,10,Rumblebeelove
the-kings-speech,10,Bikerjames
megamind,9,Shiira
the-kings-speech,10,Rumblebeelove
barneys-version,9,Simpkj1
rango,10,Shiira
thor,9,TheQuietGamer
the-adjustment-bureau,10,Shiira
thor,9,heyitsmegrif4
watchmen,9,JonnyFendi
the-adjustment-bureau,10,AndrewUltimate
rango,10,gm101
barneys-version,9,Halfwelshman
tron-legacy,10,Forrestgump1
black-swan,10,NickXoN
the-kings-speech,10,Malasawas
black-swan,9,Forrestgump1
source-code,9,Shiira
the-last-airbender,9,Malasawas
paul,10,Bullet97
unknown-2011,10,Malasawas
harry-potter-and-the-deathly-hallows-part-i,10,Annoymous1
thor,9,Shiira
the-kings-speech,10,Forrestgump1
the-diving-bell-and-the-butterfly,10,cameronmorewood
the-diving-bell-and-the-butterfly,9,Iky009
rango,10,Zilcell
the-diving-bell-and-the-butterfly,9,EpicLadySponge
hugo,10,CitizenCharlie
black-swan,10,nutterjr
hugo,9,Halfwelshman
bridesmaids,10,Simpkj1
thor,10,gm101
tron-legacy,10,gm101
rango,9,Bullet97
thor,9,Bikerjames
the-kings-speech,10,spielbrick90
paul,9,TheQuietGamer
unknown-2011,9,jordi
black-swan,9,JonnyFendi
source-code,9,BamaFalstaff
black-swan,9,Shiira
black-swan,9,Pier
scream-4,10,vini1904
hugo,9,lasttimeisaw
paul,9,Zilcell
source-code,9,joelschnick
black-swan,9,InfamousPrince
bridesmaids,9,Shiira
harry-potter-and-the-deathly-hallows-part-i,9,rayray
bridesmaids,10,kristen58
paul,9,Rox22
hugo,10,worleyjamers
fast-five,9,PurpleUrp
bridesmaids,9,TVJerry
harry-potter-and-the-deathly-hallows-part-i,9,TheQuietGamer
rango,9,SEROJ
our-idiot-brother,10,Shiira
our-idiot-brother,9,TheQuietGamer
water-for-elephants,9,jordi
bridesmaids,10,GleekManiac
tucker-dale-vs-evil,9,TVJerry
source-code,10,Zilcell
hugo,10,Iky009
tucker-dale-vs-evil,9,TheQuietGamer
tron-legacy,10,trish30
harry-potter-and-the-deathly-hallows-part-i,9,Potter17
hugo,9,MrMovieBuff
bridesmaids,9,Halfwelshman
harry-potter-and-the-deathly-hallows-part-i,9,Zilcell
another-earth,9,CitizenCharlie
courageous,9,TheQuietGamer
black-swan,9,aaronpaul121
war-horse,9,worleyjamers
black-swan,9,J-Shap
black-swan,10,Potter17
district-9,9,worleyjamers
another-earth,9,Shiira
fast-five,9,Futuredirector
sucker-punch,9,Bullet97
5050,9,TVJerry
the-big-year,9,TheQuietGamer
drive,10,j30
black-swan,10,worleyjamers
5050,10,Bikerjames
bridesmaids,10,lukechristiansc
the-help,9,TVJerry
the-help,10,TheQuietGamer
district-9,9,EpicLadySponge
elite-squad-the-enemy-within,9,Iky009
5050,9,CitizenCharlie
take-shelter,9,worleyjamers
5050,10,j30
drive,10,Halfwelshman
take-shelter,9,lasttimeisaw
in-time,10,lukechristiansc
tower-heist,9,gm101
5050,10,Tranquilbez22
avatar,9,MovieLonely94
the-help,9,worleyjamers
drive,10,heyitsmegrif4
my-week-with-marilyn,9,TVJerry
melancholia,10,Halfwelshman
pariah,9,Bikerjames
melancholia,10,Bikerjames
5050,10,cameronmorewood
drive,9,J-Shap
the-help,10,lukechristiansc
we-were-here,9,EpicLadySponge
my-week-with-marilyn,9,heyitsmegrif4
avatar,10,Zilcell
melancholia,9,smijatov
we-need-to-talk-about-kevin,9,nutterjr
man-on-a-ledge,9,Zilcell
goon,9,TheQuietGamer
13-assassins,9,Halfwelshman
sucker-punch,9,lukechristiansc
drive,9,nutterjr
the-hedgehog,9,CitizenCharlie
good-deeds,10,lukechristiansc
13-assassins,9,cameronmorewood
friends-with-kids,9,kristen58
avatar,9,homer4president
monsieur-lazhar,9,Shiira
drive,9,cameronmorewood
drive,9,Shiira
john-carter,9,Zilcell
take-this-waltz,9,CitizenCharlie
moonrise-kingdom,10,Bikerjames
looper,10,cameronmorewood
rock-of-ages,9,cameronmorewood
moonrise-kingdom,10,Shiira
transformers-dark-of-the-moon,10,Zilcell
the-dark-knight-rises,9,BubblegumImp
beasts-of-the-southern-wild,10,cameronmorewood
diary-of-a-wimpy-kid-dog-days,9,TheQuietGamer
beasts-of-the-southern-wild,9,nutterjr
diary-of-a-wimpy-kid-dog-days,9,Zilcell
pitch-perfect,10,Zilcell
diary-of-a-wimpy-kid-dog-days,9,Futuredirector
drive,9,worleyjamers
the-dark-knight-rises,10,Zilcell
the-dark-knight-rises,10,BasilZero
frankenweenie,9,Bikerjames
dark-shadows,9,lukechristiansc
prometheus,10,heyitsmegrif4
hit-and-run,9,cameronmorewood
premium-rush,9,TVJerry
premium-rush,10,Zilcell
prometheus,10,Bikerjames
transformers-dark-of-the-moon,10,lukechristiansc
the-intouchables,9,nutterjr
moonrise-kingdom,9,nicholasbert
frankenweenie,10,lukechristiansc
the-avengers-2012,10,Zilcell
the-perks-of-being-a-wallflower,10,Shiira
the-dark-knight-rises,10,heyitsmegrif4
this-is-not-a-film,9,EpicLadySponge
life-of-pi,10,Zilcell
rust-and-bone,9,nutterjr
the-perks-of-being-a-wallflower,9,cameronmorewood
hitchcock,10,lukechristiansc
life-of-pi,9,TVJerry
lore,10,Shiira
life-of-pi,10,lasttimeisaw
the-perks-of-being-a-wallflower,10,lukechristiansc
ted,10,lukechristiansc
life-of-pi,9,cameronmorewood
sinister-2012,10,lukechristiansc
snitch,9,TheQuietGamer
warm-bodies,9,TVJerry
stoker,9,TheQuietGamer
life-of-pi,10,Bikerjames
mud,9,Shiira
mud,9,Bikerjames
mud,9,TheQuietGamer
life-of-pi,10,Annoymous1
zero-dark-thirty,10,worleyjamers
the-worlds-end,9,MrMovieBuff
the-avengers-2012,9,Rox22
the-heat,10,lukechristiansc
scary-movie-5,9,TheQuietGamer
prometheus,10,lukechristiansc
before-midnight,10,nutterjr
were-the-millers,9,TheQuietGamer
before-midnight,9,lasttimeisaw
bridegroom,9,lasttimeisaw
before-midnight,10,lukechristiansc
the-conjuring,10,Parade
before-midnight,9,EpicLadySponge
zero-dark-thirty,9,EpicLadySponge
the-avengers-2012,9,homer4president
the-internship,9,lukechristiansc
iron-man-3,9,Forrestgump1
the-act-of-killing,9,EpicLadySponge
the-avengers-2012,9,EpicLadySponge
were-the-millers,9,lukechristiansc
iron-man-3,9,TVJerry
the-conjuring,9,Rox22
the-avengers-2012,9,MonkiReviews
thanks-for-sharing,10,lukechristiansc
wadjda,9,Iky009
the-hobbit-an-unexpected-journey,10,DrNegative
machete-kills,9,lukechristiansc
don-jon,10,lukechristiansc
the-conjuring,9,lukechristiansc
nebraska,9,Bikerjames
nebraska,10,lukechristiansc
about-time,10,lukechristiansc
blue-jasmine,10,Bikerjames
hours,9,lukechristiansc
12-years-a-slave,9,lasttimeisaw
12-years-a-slave,9,Shiira
12-years-a-slave,9,TVJerry
the-hunger-games-catching-fire,9,jeff_reviews
blue-jasmine,10,lukechristiansc
blue-is-the-warmest-color,9,CineAutoctono
gravity,10,lukechristiansc
elysium,9,TheQuietGamer
veronica-mars,10,lukechristiansc
iron-man-3,9,TheQuietGamer
gravity,10,MrMovieBuff
the-hunger-games-catching-fire,10,TheQuietGamer
gravity,9,CineAutoctono
her,9,grandpajoe6191
that-awkward-moment,9,lukechristiansc
the-hunger-games-catching-fire,10,heyitsmegrif4
the-dark-knight-rises,9,TheQuietGamer
ernest-celestine,9,Iky009
the-hunger-games-catching-fire,9,Bikerjames
her,9,nicholasbert
thor-the-dark-world,9,TheQuietGamer
bad-words,9,TheQuietGamer
the-raid-2,10,TheQuietGamer
the-hobbit-an-unexpected-journey,10,Zilcell
12-years-a-slave,9,Iky009
avatar,9,Potter17
avatar,10,joelschnick
her,10,Shiira
out-of-the-clear-blue-sky,9,EpicLadySponge
moms-night-out,10,lukechristiansc
the-hobbit-an-unexpected-journey,9,jordi
need-for-speed,9,IMAX500
avatar,10,worleyjamers
the-dark-knight-rises,9,lionalio
the-dark-knight-rises,10,spielbrick90
12-years-a-slave,9,homer4president
avatar,10,SEROJ
12-years-a-slave,9,EpicLadySponge
housebound,9,TheQuietGamer
avatar,10,Futuredirector
divergent,10,lukechristiansc
captain-america-the-winter-soldier,10,MrMovieBuff
her,9,Jacob
as-above-so-below,10,lukechristiansc
her,10,Iky009
captain-america-the-winter-soldier,9,TheQuietGamer
22-jump-street,10,lukechristiansc
her,10,lukechristiansc
the-hunger-games-catching-fire,9,MonkiReviews
a-walk-among-the-tombstones,9,TheQuietGamer
the-amazing-spider-man-2,10,Annoymous1
the-overnighters,9,EpicLadySponge
the-amazing-spider-man-2,9,TheQuietGamer
gravity,10,mapizarro
her,9,EpicLadySponge
hector-and-the-search-for-happiness,10,lukechristiansc
the-dark-knight-rises,9,Daniel17
alexander-and-the-terrible-horrible-no-good-very-bad-day,10,lukechristiansc
the-dark-knight-rises,9,homer4president
nightcrawler,9,TVJerry
captain-america-the-winter-soldier,9,Forrestgump1
john-wick,9,TheQuietGamer
st-vincent,10,lukechristiansc
the-amazing-spider-man-2,9,BasilZero
life-itself,10,lukechristiansc
life-itself,9,EpicLadySponge
john-wick,10,lukechristiansc
gravity,10,TVJerry
gravity,9,Bikerjames
nightcrawler,9,Shiira
nightcrawler,9,TheQuietGamer
boyhood,10,TVJerry
wild,10,lukechristiansc
the-imitation-game,10,InspectorJ
the-imitation-game,9,TVJerry
interstellar,10,Iky009
guardians-of-the-galaxy,10,kristen58
captain-america-the-winter-soldier,10,IMAX500
the-loft,9,lukechristiansc
gett-the-trial-of-viviane-amsalem,9,EpicLadySponge
interstellar,10,Parade
guardians-of-the-galaxy,10,SEROJ
timbuktu,9,EpicLadySponge
wild-tales,9,TVJerry
american-sniper,9,lukechristiansc
american-sniper,9,TVJerry
run-all-night,9,TheQuietGamer
guardians-of-the-galaxy,10,lukechristiansc
guardians-of-the-galaxy,10,IMAX500
interstellar,9,lasttimeisaw
boyhood,9,lukechristiansc
man-on-fire,10,lukechristiansc
fifty-shades-of-grey,9,TVJerry
captain-america-the-winter-soldier,9,MonkiReviews
love-mercy,9,TVJerry
spy,10,lukechristiansc
gravity,9,nutterjr
guardians-of-the-galaxy,10,BasilZero
gravity,9,TheQuietGamer
chappie,9,TheQuietGamer
what-we-did-on-our-holiday,9,lukechristiansc
interstellar,10,lukechristiansc
when-marnie-was-there,10,Futuredirector
dope,9,TheQuietGamer
gravity,9,InspectorJ
kingsman-the-secret-service,10,TheQuietGamer
american-sniper,9,TheQuietGamer
paper-towns,9,lukechristiansc
rio,10,lukechristiansc
kingsman-the-secret-service,9,lasttimeisaw
rio,9,InspectorJ
spy,9,DavidTejada
trainwreck,10,TVJerry
amy-2015,9,TVJerry
star-wars-episode-vii---the-force-awakens,9,Iky009
star-wars-episode-vii---the-force-awakens,9,homer4president
amy-2015,9,EpicLadySponge
the-look-of-silence,9,EpicLadySponge
gravity,9,EpicLadySponge
gravity,10,Futuredirector
guardians-of-the-galaxy,10,Futuredirector
steve-jobs,10,lukechristiansc
hotel-transylvania-2,9,MonkiReviews
maze-runner-the-scorch-trials,9,TheQuietGamer
hotel-transylvania-2,9,TheQuietGamer
guardians-of-the-galaxy,9,MonkiReviews
zootopia,9,Jacob
room-2015,10,TVJerry
miss-you-already,9,lukechristiansc
zootopia,9,homer4president
ant-man,9,TheQuietGamer
crimson-peak,9,TheQuietGamer
steve-jobs,10,MrMovieBuff
jafar-panahis-taxi,9,EpicLadySponge
crimson-peak,9,lukechristiansc
zootopia,9,CineAutoctono
the-danish-girl,10,lukechristiansc
the-martian,9,TheQuietGamer
interstellar,9,TheQuietGamer
jurassic-world,9,TheQuietGamer
zootopia,9,MrMovieBuff
mission-impossible---rogue-nation,9,MonkiReviews
the-revenant-2015,9,Iky009
mustang,9,nutterjr
zootopia,10,Daniel17
zootopia,10,Futuredirector
zootopia,9,MonkiReviews
creed,9,EpicLadySponge
the-martian,9,SEROJ
star-wars-episode-vii---the-force-awakens,9,SimpsonFans
interstellar,9,BasilZero
the-revenant-2015,10,SEROJ
popstar-never-stop-never-stopping,9,TheQuietGamer
the-purge-election-year,10,SimpsonFans
the-purge-election-year,9,TheQuietGamer
the-jungle-book-2016,9,TheQuietGamer
the-jungle-book-2016,9,BasilZero
the-bfg,10,EpicLadySponge
the-revenant-2015,10,TVJerry
petes-dragon,9,MonkiReviews
la-la-land,9,CineAutoctono
guardians-of-the-galaxy-vol-2,9,MonkiReviews
la-la-land,9,EpicLadySponge
la-la-land,10,Futuredirector
finding-dory,10,EpicLadySponge
la-la-land,10,Jacob
jurassic-world,9,MonkiReviews
interstellar,9,MonkiReviews
lion,9,kristen58
manchester-by-the-sea,10,nutterjr
finding-dory,10,TheQuietGamer
beauty-and-the-beast-2017,9,diegonelli
lion,9,Futuredirector
manchester-by-the-sea,9,TVJerry
raw,9,TheQuietGamer
hidden-figures,9,Futuredirector
hidden-figures,9,MonkiReviews
x-men-apocalypse,10,SimpsonFans
deadpool,10,TVJerry
deadpool,9,TheQuietGamer
star-wars-episode-vii---the-force-awakens,9,Jacob
star-wars-episode-vii---the-force-awakens,9,TheQuietGamer
star-wars-episode-vii---the-force-awakens,10,MonkiReviews
